,RELIANCE.NS,RELIANCE.NS,RELIANCE.NS,RELIANCE.NS,RELIANCE.NS,TCS.NS,TCS.NS,TCS.NS,TCS.NS,TCS.NS,HDFCBANK.NS,HDFCBANK.NS,HDFCBANK.NS,HDFCBANK.NS,HDFCBANK.NS
,open,high,low,close,volume,open,high,low,close,volume,open,high,low,close,volume
2020-01-01,682.56916538,686.66098317,676.94853655,678.7921028,14238558.0669951,2168.0,2183.8999,2154.0,2167.6001,1354908.0,638.05,640.0,635.3,639.3,3673698.0
2020-01-02,679.87126354,692.88863992,679.87126354,690.34811568,18006350.44971894,2179.95,2179.95,2149.2,2157.6499,2380752.0,639.5,644.0,639.5,643.375,6137166.0
2020-01-03,689.31391998,693.20339513,684.81741691,691.17996875,21335464.15900253,2164.0,2223.0,2164.0,2200.6499,4655761.0,641.1,642.5,631.8,634.2,10855550.0
2020-01-06,683.46846599,687.02070341,673.57615925,675.14993532,24929023.36795879,2205.0,2225.95,2187.8999,2200.45,3023209.0,630.0,630.9,618.0,620.475,10890186.0
2020-01-07,683.01881569,689.98839544,680.545739,685.5368574,16962494.82872323,2200.5,2214.6499,2183.8,2205.8501,2429317.0,629.45,635.725,626.125,630.3,14724494.0
2020-01-08,681.22021446,689.96591292,678.97196293,680.38836139,16316148.11050524,2205.0,2260.0,2202.05,2255.25,5197454.0,623.475,631.075,620.025,628.65,11332110.0
2020-01-09,691.8319617,696.95797519,688.52703194,696.05867458,15233184.32091075,2248.75,2251.95,2210.0,2214.3501,3734173.0,632.5,637.9,631.55,635.7,9546316.0
2020-01-10,697.81231077,700.53269513,692.30409452,695.90129697,12686938.97589425,2228.0,2234.0,2208.0,2213.55,1915807.0,642.05,643.45,637.55,641.35,9214580.0
2020-01-13,694.73220617,700.86993286,691.74203163,694.12517826,18587977.98599817,2217.8501,2218.95,2184.7,2190.3501,2843893.0,641.35,648.25,638.0,643.0,7451568.0
2020-01-14,692.46147212,696.95797519,684.30031906,687.69517887,16080914.19994517,2195.0,2229.8,2195.0,2206.8999,2948452.0,644.5,646.275,638.75,644.75,7886290.0
2020-01-15,690.59542335,692.41650709,682.68157796,685.19961967,16082259.68996521,2213.0,2231.0,2194.2,2226.8999,2620681.0,643.2,643.975,637.05,642.125,11787448.0
2020-01-16,687.51531875,693.96780065,687.06566845,691.51720648,13062733.22651395,2226.95,2249.0,2215.0,2238.8,3117214.0,641.025,645.5,639.675,643.825,7150400.0
2020-01-17,698.53175126,712.6732534,698.39685617,710.89713469,29955963.11858612,2240.75,2253.55,2213.0,2219.1001,3281059.0,640.875,642.45,635.95,639.075,16918814.0
2020-01-20,723.48734328,723.48734328,686.34622795,689.02164728,33089865.12954187,2194.8999,2242.2,2156.2,2170.3501,5817599.0,652.425,652.425,626.25,627.45,22178450.0
2020-01-21,687.33545863,695.09192642,684.36776661,689.71860525,19239019.46360838,2169.95,2186.55,2158.05,2171.05,1902980.0,625.0,625.0,619.2,622.175,14984804.0
2020-01-22,694.26007335,695.49661169,688.4595844,689.47129759,10495367.02410861,2181.0,2210.0,2173.7,2206.8999,1773686.0,624.025,627.5,617.2,620.425,18368310.0
2020-01-23,690.88769605,693.33829022,683.78322121,686.54857059,11435748.90268774,2209.8,2217.75,2183.7,2190.95,2069866.0,620.0,623.425,615.5,622.425,11508920.0
2020-01-24,686.61601814,690.82024851,682.81647305,684.16542397,14872964.39526673,2190.95,2190.95,2170.0,2183.3999,1319430.0,623.0,627.0,619.55,622.275,11831756.0
2020-01-27,681.17524943,685.46940986,676.72371139,677.42066937,13611530.80630441,2189.7,2193.45,2165.0,2169.25,1549101.0,617.5,617.5,605.875,606.6,18888552.0
2020-01-28,678.3424525,678.97196293,658.1081887,661.7728387,24942300.3521234,2174.0,2187.8,2152.0,2183.75,1743024.0,609.4,613.9,606.625,611.6,13412158.0
2020-01-29,662.80703441,671.95741814,658.31053134,665.41500618,25160211.91265698,2185.0,2186.95,2150.0,2154.6001,2306761.0,612.65,621.0,611.125,617.925,13788350.0
2020-01-30,665.03280342,665.34755864,647.49644147,649.18263012,22777157.827442,2160.0,2165.0,2125.0,2137.8501,2098567.0,619.475,619.475,608.6,613.025,12111984.0
2020-01-31,653.34189545,653.45430803,632.74791141,634.74885528,35331173.50910932,2139.3999,2144.3501,2071.6001,2079.05,3287223.0,615.725,618.9,610.125,613.15,11178268.0
2020-02-01,631.89357583,641.62850497,616.51553534,622.0237516,24514385.59884342,2079.5,2180.7,2063.6001,2164.8501,3319716.0,610.0,613.85,595.675,599.35,9827286.0
2020-02-03,615.97595498,629.48794669,612.89585038,622.99049976,31225656.45950612,2152.0,2194.7,2093.2,2102.5,4728073.0,598.5,598.975,588.85,596.4,13077010.0
2020-02-04,629.5104292,644.12406417,628.52119853,641.3811973,25808202.13025482,2129.0,2136.7,2086.6001,2107.75,3509339.0,599.0,617.0,599.0,614.9,20897704.0
2020-02-05,645.2032249,653.25196539,643.13483349,651.31846907,18780867.88006004,2115.0,2156.7,2104.3,2146.55,2439322.0,617.45,624.0,613.65,622.325,18020682.0
2020-02-06,653.83651079,659.63699974,647.5414065,655.50021692,15798310.1448782,2145.0,2174.2,2115.5,2128.3501,2640065.0,622.325,624.35,618.6,619.9,11827550.0
2020-02-07,652.44259484,653.04962275,642.23553288,644.64116202,12413292.99322511,2139.0,2151.0,2119.0,2136.55,2083442.0,623.0,623.5,615.8,621.1,6815448.0
2020-02-10,642.10063779,649.96951815,634.20927491,645.51798012,15395588.30225428,2140.8999,2167.0,2119.0,2161.95,2383032.0,621.475,621.475,613.025,620.15,9219834.0
2020-02-11,650.82385374,659.2772795,649.76717552,653.22948288,14233827.72439575,2163.0,2174.8,2147.6001,2153.3999,1335820.0,621.65,627.5,619.025,620.3,11613520.0
2020-02-12,654.75829392,663.16675465,654.24119607,661.12084576,13759783.79095791,2151.1001,2185.0,2150.0,2170.75,1620407.0,622.6,626.45,622.025,624.5,6297930.0
2020-02-13,664.47074054,664.47074054,657.6585384,662.85199944,13792413.59190652,2172.95,2197.0,2171.0,2191.95,1645948.0,629.95,629.95,616.8,620.7,9112140.0
2020-02-14,664.24591539,675.12745281,653.38686048,668.89979606,21582671.81876566,2188.0,2212.0,2171.0,2184.2,1500115.0,621.6,624.2,607.5,609.675,14688858.0
2020-02-17,669.52930649,677.24080925,662.91944698,664.69556569,13368922.2760643,2196.95,2217.0,2190.2,2203.25,1774724.0,612.5,616.5,607.225,608.575,10152690.0
2020-02-18,663.63888747,663.63888747,655.3203568,659.81685987,11313155.85828403,2199.95,2221.0,2186.05,2215.75,2486223.0,608.45,609.25,601.75,606.625,10529116.0
2020-02-19,665.19018103,677.37570434,663.27916723,676.18413103,14319834.56000682,2215.75,2230.0,2190.5,2196.3501,1760463.0,611.25,615.0,606.95,613.6,10012268.0
2020-02-20,673.12650894,678.07266231,667.19112489,668.15787305,17174628.56599723,2204.5,2214.3999,2151.25,2156.8,2317278.0,615.0,615.0,607.05,608.55,11123414.0
2020-02-24,660.87353809,664.13350281,647.29409883,649.72221048,21727424.30541664,2156.0,2178.95,2106.7,2115.3501,3092877.0,604.475,607.375,600.0,604.975,16568084.0
2020-02-25,652.62245496,652.62245496,634.00693227,636.88469423,28208829.87189673,2115.5,2176.6499,2111.0,2156.1499,2674567.0,602.0,604.5,599.0,600.15,13886680.0
2020-02-26,634.00693227,635.06361049,623.82235283,625.91322675,29853556.87238378,2154.0,2163.8999,2112.95,2123.6001,2686842.0,598.75,602.35,592.825,599.625,13814786.0
2020-02-27,624.11462553,626.7225973,615.5712697,623.32773749,25473795.59744138,2119.95,2119.95,2086.2,2105.5,2349001.0,597.5,601.25,590.5,599.725,20655098.0
2020-02-28,609.23120038,610.17546602,595.78665621,597.42787983,39972945.05798565,2068.0,2069.5,1990.0,2000.15,4298076.0,587.75,592.5,585.05,588.825,24313056.0
2020-03-02,609.32113044,615.5712697,585.04001388,591.807251,29993605.70384076,2035.0,2053.95,1985.7,2001.3,2667076.0,600.1,600.575,583.075,589.8,14664898.0
2020-03-03,597.90001265,608.78155007,594.43770529,603.81291418,27856778.51624208,2020.0,2060.0,2012.0,2036.2,2757585.0,587.5,592.675,584.0,590.9,22369550.0
2020-03-04,607.92721449,608.73658504,588.09763597,602.39651572,22474758.38945221,2056.0,2094.45,2025.0,2083.2,3237002.0,589.175,590.0,566.55,574.425,34288870.0
2020-03-05,608.01714455,610.60263381,587.24330039,589.55899946,31020381.38540862,2085.7,2147.75,2084.05,2125.05,3937056.0,576.5,582.5,571.375,575.675,19549708.0
2020-03-06,571.05588935,579.21704241,558.06099549,571.50553966,34297915.0119904,2098.0,2123.6499,2071.6001,2116.45,2595027.0,562.5,570.45,550.5,567.45,23053566.0
2020-03-09,557.58886267,558.01603046,492.3670857,500.97788907,89664807.09680094,2075.0,2079.8999,1935.0,1972.35,4940982.0,555.0,559.2,532.5,553.65,34420594.0
2020-03-11,498.21253968,529.89040378,498.21253968,518.69411115,60575132.72372389,1933.0,1987.3,1920.0,1953.7,6796752.0,552.5,560.0,546.0,556.9,35538396.0
2020-03-12,487.87058263,495.06498754,471.5482765,477.97827589,56906822.09236546,1904.0,1908.4,1758.35,1769.85,8728972.0,537.5,540.0,501.725,510.65,59000812.0
2020-03-13,448.75100596,512.60134949,423.75045791,496.99848386,74524039.03668758,1687.9,1820.0,1506.05,1806.3,8029725.0,490.025,540.725,459.6,534.9,66343206.0
2020-03-16,476.87663264,485.48743601,451.89855811,456.70981639,39129805.41267246,1755.0,1842.25,1675.85,1696.4,7844420.0,517.5,518.5,497.5,499.75,31986348.0
2020-03-17,470.89628356,476.62932497,451.08918756,453.24750903,46208001.40957489,1730.0,1731.0,1623.15,1658.0,5713269.0,504.0,505.0,477.35,487.55,42677282.0
2020-03-18,461.02645933,465.79275258,432.11394462,435.48632192,45480891.93089829,1676.8,1713.55,1627.75,1654.4,7259111.0,492.5,496.5,432.5,438.45,61187618.0
2020-03-19,413.72323809,434.81184646,401.17800802,412.64409084,62430874.81441045,1559.7,1685.45,1546.75,1636.35,5135162.0,423.5,459.975,397.5,447.775,67220478.0
2020-03-20,422.44646303,465.34310227,418.17478511,457.72152958,64422342.37688631,1630.0,1869.0,1627.0,1797.45,8547645.0,437.5,457.3,412.275,441.425,88638030.0
2020-03-23,411.96961538,427.16779125,393.73629994,397.51334903,41351496.32535278,1620.0,1750.0,1617.75,1669.7,7003558.0,397.3,419.375,382.5,385.775,50284546.0
2020-03-24,418.17478511,436.16079738,402.79674013,424.20010822,46523535.49890074,1653.05,1770.0,1632.85,1703.15,6354209.0,397.625,405.0,369.375,383.85,61057352.0
2020-03-25,433.37296098,517.79481054,433.12565781,486.63404429,74353615.4900346,1700.0,1810.0,1680.0,1750.3,2765527.0,385.225,433.725,377.625,428.375,47228898.0
2020-03-26,492.72680594,502.21442741,468.69299706,479.41715687,46509328.90344956,1831.6,1832.05,1722.55,1790.95,4556071.0,435.05,468.85,420.5,450.55,57043362.0
2020-03-27,492.3670857,497.89778447,470.42415074,479.14736669,42354344.52406855,1820.0,1850.0,1750.4,1824.5,4331310.0,472.475,494.325,436.05,452.225,55238872.0
2020-03-30,467.90610902,483.28414951,458.64331271,463.34215841,30735631.21816094,1766.0,1905.0,1763.55,1778.5,8513608.0,440.0,443.5,414.0,415.825,39268626.0
2020-03-31,482.90194675,508.01491637,471.23352129,500.79802895,45034794.15876908,1837.4,1855.0,1780.0,1826.1,3927593.0,426.9,436.8,419.0,430.95,35211994.0
2020-04-01,504.62005655,505.67673477,469.97450043,485.82467374,42293085.80902429,1825.9,1834.75,1702.0,1708.75,4941898.0,431.925,431.925,410.0,414.825,29103516.0
2020-04-03,510.10579029,510.10579029,474.96561883,484.47572282,42059448.6948847,1740.0,1740.0,1650.0,1654.2,5735529.0,421.5,422.0,405.0,406.925,34998126.0
2020-04-07,495.55960288,545.87547218,494.61533723,542.32323476,55285310.91058767,1710.0,1785.85,1705.0,1775.2,5427965.0,437.0,453.65,422.675,448.05,60413252.0
2020-04-08,530.58736176,552.62022678,521.59435563,536.05061298,50714463.36539538,1760.0,1806.0,1701.0,1705.45,6285616.0,439.975,472.5,433.05,444.45,56219754.0
2020-04-09,545.87547218,554.32889794,536.43281574,548.55089151,33585456.91885424,1750.45,1778.8,1731.2,1766.15,5307649.0,456.5,465.45,445.0,462.525,44458024.0
2020-04-13,541.3564866,546.32512249,530.58736176,534.70166206,24069528.79106327,1761.0,1787.0,1746.0,1759.25,2990478.0,467.0,473.35,443.1,447.675,34158518.0
2020-04-15,538.25389948,555.76777893,513.95030041,517.03040501,35912260.6254301,1785.0,1812.0,1727.8,1735.15,4761401.0,465.25,465.25,421.5,431.65,57979046.0
2020-04-16,517.03040501,533.93725654,514.84960103,525.21404059,38081888.85816174,1709.95,1764.9,1675.05,1716.05,6245583.0,432.5,445.35,428.125,439.875,53854462.0
2020-04-17,546.77477279,553.06987709,536.27543814,550.37197525,33825634.67125651,1800.0,1851.95,1753.0,1806.2,9895825.0,457.5,460.0,443.625,455.15,55883662.0
2020-04-20,551.27127586,565.21043536,540.4796685,559.27505132,36633665.67121186,1830.0,1830.0,1802.5,1818.65,3244293.0,475.5,480.475,467.5,472.425,66233228.0
2020-04-21,544.07687095,562.96218383,523.39295685,556.37480684,62398947.78180287,1765.0,1794.6,1727.7,1737.65,5122606.0,462.5,467.0,454.0,460.825,33178296.0
2020-04-22,593.53840468,622.72070957,584.54539855,613.14315804,145070275.8260536,1737.65,1790.0,1719.15,1769.5,3829839.0,459.575,466.5,453.65,464.3,38289356.0
2020-04-23,614.82934669,623.14787737,608.51175989,616.42560528,66559125.08547606,1780.0,1900.0,1760.85,1878.25,5934424.0,467.5,479.25,456.275,477.475,40901790.0
2020-04-24,607.09536142,672.20472581,605.76889302,637.15448442,137243068.88647905,1840.7,1851.95,1807.8,1818.55,2987150.0,466.5,479.2,463.0,469.025,33285662.0
2020-04-27,644.79853963,663.2342022,639.85238626,642.88752582,59460677.79580933,1832.3,1875.0,1825.0,1836.6,3374747.0,472.575,478.7,463.15,464.85,27421454.0
2020-04-28,651.99294453,654.4435387,625.9806743,642.16808533,79765054.03332856,1865.0,1868.0,1832.6,1859.05,2678512.0,471.9,471.9,461.0,465.7,29441546.0
2020-04-29,649.69972797,653.63416815,638.50343534,641.62850497,38121935.53384889,1874.0,1912.55,1850.05,1905.65,4241579.0,467.5,496.35,467.05,488.55,55878038.0
2020-04-30,653.76906324,672.20472581,646.61962337,659.18734944,72540595.4874221,1980.0,2032.0,1942.2,2014.45,5915950.0,500.7,509.5,496.05,500.9,43795286.0
2020-05-04,647.49644147,658.73769913,637.35682705,645.33812,54351658.70605914,1966.0,1966.0,1913.65,1930.45,3729409.0,478.75,480.0,458.75,461.5,26722354.0
2020-05-05,653.65665067,665.03280342,650.73392367,656.7817203,45654824.87135562,1955.1,1977.0,1927.0,1932.75,2905541.0,469.0,472.0,454.025,455.725,29674380.0
2020-05-06,658.28804882,667.70822275,649.96951815,656.82668533,41165998.84257455,1939.8,1953.7,1893.6,1903.6,3517432.0,459.5,475.0,452.825,473.2,33786280.0
2020-05-07,654.24119607,680.61318655,649.744693,677.60052949,50865147.12788672,1910.0,1934.45,1883.35,1891.65,3166784.0,470.25,471.65,460.675,462.5,21832006.0
2020-05-08,694.70972366,710.40251936,691.15748624,702.26384881,85671875.31459294,1939.1,1939.5,1886.25,1893.4,2686536.0,471.0,471.975,462.6,464.525,20807494.0
2020-05-11,710.44748439,726.18524512,706.98517703,709.00860341,68209458.66503835,1909.0,1951.4,1909.0,1935.3,2449846.0,468.5,477.0,457.0,457.9,28550784.0
2020-05-12,703.61279973,705.20905832,658.73769913,665.145216,102366479.74440216,1933.4,1956.5,1910.25,1949.5,3256630.0,450.5,454.7,435.55,450.775,49568648.0
2020-05-13,693.15034652,693.15034652,660.01349302,679.28280029,67539234.61515126,1994.0,1994.0,1925.65,1949.65,2656665.0,475.5,480.0,461.05,463.825,44347108.0
2020-05-14,666.82243552,679.39628267,649.14188149,651.82006554,50088645.9228473,1910.0,1923.1,1891.1,1902.35,2263204.0,449.0,455.5,445.0,446.85,39554890.0
2020-05-15,655.47419802,665.77839767,642.35563547,662.46471232,63189178.05361265,1916.0,1917.4,1865.2,1892.9,3173682.0,445.25,446.2,437.5,444.075,24349740.0
2020-05-18,667.27636502,672.72351902,648.21132602,653.99892714,63846081.82389546,1907.0,1952.95,1872.1,1945.6,3727896.0,444.0,444.0,415.65,418.325,46653312.0
2020-05-19,661.37528152,663.50875017,636.97657089,639.54127257,43022575.09043762,1903.0,1966.45,1903.0,1948.65,3198699.0,430.425,433.65,413.05,415.325,47461122.0
2020-05-20,640.04059502,656.76789709,632.32379352,650.79872417,56243738.28835907,1950.0,1962.9,1931.7,1953.6,2778505.0,418.225,432.0,416.1,428.55,40014826.0
2020-05-21,651.38883252,663.39526779,646.84953752,654.22589189,39823796.42554818,1946.0,1998.0,1941.15,1991.2,3400925.0,430.725,442.0,426.15,429.775,48479366.0
2020-05-22,659.01484812,661.82921102,647.53043177,649.82277574,38460824.86281734,1977.1,2032.0,1961.25,2020.35,3663422.0,425.0,435.15,416.525,419.425,42051698.0
2020-05-26,657.35800544,658.06159617,642.90035087,646.41830449,33773511.08403201,2015.0,2024.0,1925.0,1943.0,4575512.0,428.5,435.875,424.375,426.2,38005178.0
2020-05-27,649.57311452,660.01349302,640.94845402,656.17778874,36262820.54722382,1959.0,2010.0,1941.25,2005.3,3482185.0,429.95,454.9,428.575,451.825,56026454.0
2020-05-28,660.46742252,671.70217764,657.74384552,668.29770639,40797639.27997606,1988.5,2014.0,1971.3,2004.3,3475788.0,460.0,475.0,456.975,472.625,75489852.0
2020-05-29,666.36850602,668.18422402,659.40068819,664.73435982,40693037.1336101,1982.0,2002.65,1962.4,1972.35,7237765.0,472.0,477.5,461.725,475.825,53025200.0
2020-06-01,671.81566002,698.30244634,669.97724554,690.13171534,40609973.57418279,1990.0,2060.0,1981.1,2045.25,3747850.0,487.5,497.5,483.05,493.825,39190746.0
2020-06-02,692.69641702,699.05143002,690.33598362,697.09953317,22523546.0567026,2060.2,2081.0,2040.05,2047.15,2443886.0,493.35,502.5,487.6,500.5,41623818.0
2020-06-03,701.32107752,708.13002002,696.03279884,699.80041369,25805033.60039163,2051.8501,2063.75,2020.0,2046.15,3699799.0,510.0,523.125,507.725,511.125,50546134.0
2020-06-04,700.86714802,721.52094027,699.50535952,717.11782412,34773267.65413535,2046.75,2100.0,2046.75,2091.55,4048593.0,514.025,519.475,495.55,500.85,54278956.0
2020-06-05,724.01755252,734.45793102,714.34885417,717.98029017,33640543.29939034,2091.6001,2098.0,2040.3,2048.25,3573299.0,501.55,521.2,501.4,516.675,35196206.0
2020-06-08,734.63950282,734.63950282,710.39966752,712.44235027,31939001.54019467,2078.25,2095.0,2062.1001,2071.75,2957841.0,530.0,533.325,503.2,507.95,49812724.0
2020-06-09,708.26619887,718.57039852,695.87392352,697.75773094,26290586.97375583,2063.1001,2095.5,2060.25,2072.05,2910152.0,510.0,513.375,489.775,493.65,61845788.0
2020-06-10,700.45861147,717.00434174,699.07412649,713.64526344,22502229.97127576,2077.05,2132.0,2073.5,2108.75,5168494.0,495.0,499.925,489.1,495.925,36497760.0
2020-06-11,710.85359702,711.73875954,694.96606452,698.00739217,20726308.8205685,2100.0,2105.0,2061.8,2067.6499,2269569.0,492.5,494.2,482.5,484.3,30898284.0
2020-06-12,680.89425002,723.10969352,679.53246152,721.20318962,39192352.55597619,2011.2,2049.2,2011.0,2039.5,2842757.0,464.0,493.325,464.0,491.375,42645760.0
2020-06-15,710.39966752,738.52060004,708.62934247,732.89187424,53993322.75031932,2039.1,2059.0,2000.95,2029.9,2399028.0,484.0,487.0,471.5,474.925,32009946.0
2020-06-16,745.80616852,748.32547724,719.61443637,734.32175217,52041779.61426406,2065.0,2073.95,2031.0,2045.8,2146528.0,487.5,496.975,476.0,495.2,45400226.0
2020-06-17,730.03211839,742.37900079,727.24045197,733.25501784,42479105.23444924,2046.0,2058.8501,2026.55,2047.8,2703546.0,494.5,499.45,486.625,489.625,36959008.0
2020-06-18,729.46470652,755.79261752,728.82920522,751.66185907,41146684.67137728,2045.0,2059.2,2025.2,2038.1,1944471.0,490.0,512.45,486.0,509.975,40870938.0
2020-06-19,758.06226502,811.98908962,754.43082902,798.64356232,107569241.4764558,2042.0,2090.0,2032.0,2044.6,5681784.0,508.975,521.5,506.075,516.675,47878648.0
2020-06-22,804.99857532,818.97960392,787.56768252,792.62899644,61202834.35932178,2050.0,2052.25,2019.15,2027.95,3196138.0,519.725,522.975,511.9,514.375,29694642.0
2020-06-23,794.37662502,800.61815564,778.98841497,781.16727657,38598936.61805343,2027.0,2044.0,2010.0,2035.3,4206122.0,519.5,522.5,508.275,521.15,28831280.0
2020-06-24,787.97621907,804.68082467,776.99112517,784.32208659,52449827.56002526,2034.0,2064.25,2031.6,2042.2,2560951.0,524.25,528.75,515.025,516.25,39429328.0
2020-06-25,783.93624652,793.92269552,777.60392999,779.80548807,40342619.28238862,2035.0,2060.0,2009.25,2016.1,3044089.0,510.95,524.5,503.5,514.375,70646914.0
2020-06-26,784.75331962,795.28448402,779.39695152,790.58631369,31438130.81028099,2025.0,2132.0,2019.95,2118.8501,6300912.0,520.5,531.5,514.0,528.225,39973354.0
2020-06-29,784.41287249,789.72384764,778.73875374,782.18861794,26050578.33805956,2108.0,2127.6001,2091.3,2101.6499,3076344.0,518.5,541.3,518.5,538.025,46007450.0
2020-06-30,788.47554152,790.29125952,769.66016374,773.54126097,30782396.82517404,2100.0,2111.8999,2075.05,2082.1499,3071877.0,537.0,539.275,528.15,532.925,35746632.0
2020-07-01,780.75874002,793.92269552,775.33428249,788.74789922,28939969.7522933,2079.7,2113.95,2079.5,2092.05,2503466.0,532.925,548.0,530.65,542.3,34846756.0
2020-07-02,791.19911852,802.36578422,787.59037899,799.07479534,29270536.50328937,2102.0,2165.0,2098.0,2157.1499,3758709.0,545.15,555.625,542.6,544.7,36954496.0
2020-07-03,807.90372412,813.89559352,802.54735602,811.58055307,29925360.65548176,2163.6499,2205.0,2160.25,2199.6499,4185215.0,546.5,547.9,535.0,536.975,27597758.0
2020-07-06,819.34274752,843.40101102,813.48705697,840.58664812,47800702.5308135,2205.0,2269.8999,2205.0,2263.2,5190366.0,553.975,559.95,550.0,551.5,35558486.0
2020-07-07,844.30887002,846.28346335,819.93285587,827.7177468,35776705.41261697,2275.0,2302.7,2232.1499,2269.8999,5630081.0,554.7,555.85,546.525,552.575,24350850.0
2020-07-08,827.9901045,832.93793605,812.53380502,816.16524102,26641852.97430446,2270.0,2274.3999,2207.6001,2218.8999,2793674.0,553.5,562.45,552.5,555.175,30056824.0
2020-07-09,821.15846552,832.96063252,810.8315694,828.0808904,37026461.15659462,2229.0,2244.5,2191.05,2204.3501,3443998.0,559.0,564.85,553.625,562.475,20115434.0
2020-07-10,830.01009077,855.47553572,828.0808904,852.5022975,44490366.89507566,2205.25,2249.8501,2176.0,2222.3501,9610327.0,558.95,560.0,549.775,552.55,17563208.0
2020-07-13,863.98671385,884.11848717,862.46605002,878.35358252,70769573.24695106,2220.0,2244.95,2210.0,2220.0,2963525.0,554.95,556.5,535.65,540.125,29923390.0
2020-07-14,877.89965302,881.39491017,856.70114537,870.18285152,68454663.112285,2210.0,2239.0,2165.0,2171.95,2976749.0,531.3,534.45,525.0,529.425,26613022.0
2020-07-15,879.69267455,898.23569462,816.16524102,837.04599802,142001341.6144986,2185.0,2260.0,2181.1001,2233.8999,5569322.0,535.1,539.5,525.05,526.575,20974492.0
2020-07-16,838.40778652,848.39423552,822.7245223,836.77364032,61978772.03244338,2244.0,2333.0,2220.1001,2234.75,8582120.0,526.825,532.75,517.05,531.275,23662512.0
2020-07-17,837.49992752,871.54464002,834.32242102,867.77702517,50557487.44998909,2237.0,2243.8999,2190.05,2200.75,4509143.0,529.525,552.0,529.15,549.225,28405866.0
2020-07-20,870.54599512,876.99179402,862.3071747,871.49924707,37203468.81967448,2201.0,2226.8999,2190.8,2207.8999,2952719.0,567.5,576.45,562.075,566.525,65124128.0
2020-07-21,880.16930052,897.41862152,879.03447677,894.94470575,42877799.30477406,2230.0,2238.6499,2201.1499,2225.05,2665386.0,576.025,578.975,567.0,569.275,47515536.0
2020-07-22,900.14219852,912.39829502,890.01957067,909.67471802,60768839.65310618,2231.0,2231.0,2184.2,2190.95,2861698.0,569.25,572.25,558.775,563.175,24718048.0
2020-07-23,909.65202155,944.03718117,903.93250985,934.09612512,59306694.09970304,2190.95,2190.95,2163.0,2171.2,2265791.0,562.5,571.95,558.125,565.2,20149610.0
2020-07-24,934.18691102,981.84950852,934.09612512,974.20075106,122611094.89164554,2154.5,2163.0,2125.1001,2157.3999,3665123.0,561.45,561.45,550.625,559.55,19598444.0
2020-07-27,989.02159462,998.10018462,965.91653768,978.76278792,81644724.56423128,2165.0,2215.0,2163.5,2206.8,4248837.0,549.925,551.5,537.675,539.75,37970334.0
2020-07-28,978.76278792,995.92132302,976.24343381,988.52227217,56034291.667248,2215.0,2320.0,2215.0,2309.75,8092458.0,539.5,547.2,529.75,543.325,35596660.0
2020-07-29,988.61301268,990.83731262,939.8383333,951.73124081,73880109.1340545,2292.0,2342.0,2246.05,2276.05,6090440.0,540.5,544.25,527.775,532.3,33593304.0
2020-07-30,952.79802052,971.27295117,940.54192402,957.26927149,74074313.30011512,2285.8999,2358.0,2272.25,2279.5,7098913.0,537.0,541.825,523.35,525.325,26957902.0
2020-07-31,959.83392777,966.41590552,931.82647762,938.31771487,76208695.4012474,2303.1499,2334.8,2257.45,2281.3999,4723290.0,528.85,528.85,510.025,516.4,37730460.0
2020-08-03,931.14558337,933.73298152,909.26618147,911.94436552,47496664.1283819,2290.45,2303.8501,2230.7,2254.1499,4012445.0,512.975,513.475,496.5,501.0,31783562.0
2020-08-04,917.20994772,983.66522652,907.9724824,976.22082812,93576700.78491189,2259.95,2269.6499,2225.05,2249.7,2927953.0,504.0,530.525,501.5,520.825,60306836.0
2020-08-05,984.57308552,996.82918202,961.55885987,965.2583853,75795659.89684562,2260.0,2300.0,2253.0,2259.5,3800641.0,523.975,527.9,510.0,513.775,33221392.0
2020-08-06,979.12593152,983.98297717,956.79260012,968.73099137,50145949.9755677,2275.0,2319.5,2265.3501,2308.1001,4748348.0,518.5,527.5,513.125,520.35,33647116.0
2020-08-07,966.77904912,979.48907512,962.42132592,974.3369753,33534687.65440845,2308.0,2328.0,2287.0,2295.3501,3165495.0,517.425,523.6,510.3,521.925,24837632.0
2020-08-10,980.07922887,982.75736752,956.92882437,962.26249599,27409408.28849167,2318.0,2325.0,2276.05,2282.8,2929385.0,522.0,532.0,521.9,525.325,22172930.0
2020-08-11,969.04869662,980.48772002,953.41087074,968.59476712,47609505.43964,2283.0,2312.0,2275.6001,2279.8999,2774509.0,524.25,535.5,524.25,533.325,20136300.0
2020-08-12,962.78446952,973.67877752,956.33867062,965.78044962,30770260.57934762,2288.3501,2296.3999,2246.55,2257.3501,3415766.0,532.5,533.0,524.0,531.85,20666444.0
2020-08-13,965.96197602,970.90976218,957.79124502,963.2610955,25244561.10412585,2273.0,2300.0,2250.5,2254.45,2695682.0,533.975,535.675,528.25,529.525,19892740.0
2020-08-14,963.48806025,979.12593152,948.3722079,959.51617712,33780045.13832882,2277.0,2281.3,2233.1001,2242.1499,2270405.0,532.95,532.95,513.65,517.225,20924700.0
2020-08-17,955.52159752,955.52159752,939.67950337,949.32550524,31496573.80638356,2263.0,2270.0,2238.25,2253.3999,2625670.0,523.5,523.5,510.1,516.375,19561182.0
2020-08-18,946.44300752,968.82173187,945.24013974,961.67234225,31057536.46689572,2262.8,2289.0,2248.3,2269.75,3493411.0,514.0,530.825,511.0,528.25,24041124.0
2020-08-19,971.86305952,977.76414302,962.94339024,967.57342575,34656062.22906674,2276.3501,2284.6001,2252.5,2256.6001,2843007.0,532.5,534.9,528.125,533.3,17716112.0
2020-08-20,962.33054002,964.10081968,947.80479602,951.912858,22916096.00112254,2257.0,2276.55,2240.05,2252.8501,2895265.0,527.475,534.475,526.0,529.5,19217182.0
2020-08-21,961.42268102,963.23839902,942.81157152,945.01317499,25702848.1288617,2260.0,2271.0,2241.05,2248.6001,1975304.0,532.7,544.4,532.3,542.825,28924474.0
2020-08-24,949.34811093,955.29463277,939.86102977,951.32274965,33262940.60999531,2250.6001,2259.95,2230.0,2248.1001,2167987.0,543.0,561.475,542.825,558.525,36779858.0
2020-08-25,955.97552702,958.38135337,943.26550102,945.12665737,19711671.08499821,2245.0,2250.0,2233.55,2242.6499,1663454.0,559.5,563.5,553.1,559.85,27601944.0
2020-08-26,946.44300752,975.01786955,929.19368652,970.18352037,60870747.5484927,2242.0,2259.8999,2216.45,2253.5,2618159.0,560.5,565.875,554.75,559.225,25190262.0
2020-08-27,975.04056602,975.94842502,954.7272209,958.06364812,28555401.22348946,2266.0,2287.3501,2241.75,2248.3999,3579397.0,562.9,564.95,553.125,556.05,20646030.0
2020-08-28,962.33054002,968.18618518,956.0890094,960.58286606,27620333.11271575,2268.3999,2279.95,2235.1001,2238.55,2941156.0,555.975,562.5,547.5,557.25,38698138.0
2020-08-31,986.84273302,986.84273302,935.25369074,944.49111067,63113635.48588098,2240.0,2276.2,2228.0,2257.25,6018160.0,564.75,574.4,550.35,557.925,38501442.0
2020-09-01,953.25195002,963.41992543,936.18415543,947.4643489,39260475.46933438,2269.0,2278.0,2241.3,2246.3501,3610908.0,564.0,571.8,554.0,563.65,28877898.0
2020-09-02,949.62051402,970.50127102,946.44300752,966.05276192,27398988.16818691,2247.0,2268.75,2241.6499,2265.1499,2084152.0,562.05,569.5,560.35,567.075,19761710.0
2020-09-03,965.96197602,970.84171815,954.61373852,958.74454237,18896637.03237372,2268.0,2324.0,2268.0,2299.5,4654146.0,568.625,572.975,564.0,565.45,19833402.0
2020-09-04,945.78480975,951.86746505,940.63270992,942.9250539,28950982.47563442,2275.0,2324.25,2262.95,2288.8,5232180.0,555.0,562.7,552.2,559.65,23661372.0
2020-09-07,945.98907802,955.86204465,927.9453804,945.37622781,22292225.99489258,2289.0,2343.5,2283.3501,2327.05,4620416.0,558.15,559.75,549.5,555.25,17615528.0
2020-09-08,949.62051402,962.78446952,944.40032477,956.47489487,27854021.38368594,2335.95,2390.45,2327.05,2348.2,7454161.0,557.0,559.4,551.5,556.225,14624920.0
2020-09-09,946.44300752,984.02837012,944.8315578,981.10057024,56233523.04568398,2325.0,2359.0,2320.0,2327.6499,3866542.0,550.5,555.0,545.625,548.25,15729090.0
2020-09-10,990.97353687,1064.44198105,987.45558324,1050.39286303,142647186.39874968,2335.0,2348.5,2324.3,2331.1499,2308813.0,551.5,552.425,542.0,545.275,15188418.0
2020-09-11,1049.48500403,1061.21912699,1038.18220487,1053.00295765,60462875.84155273,2330.95,2383.0,2330.1499,2374.1001,4145429.0,548.225,552.425,535.5,539.325,20795090.0
2020-09-14,1055.38608753,1071.27362003,1035.86711903,1045.19537025,44798762.80236198,2384.1001,2505.75,2381.8501,2491.3999,7512284.0,544.0,547.0,526.175,528.975,21651748.0
2020-09-15,1049.46230755,1055.72653465,1038.65874006,1052.59446649,27632398.86301367,2491.3999,2538.0,2464.6001,2491.3999,7318773.0,534.0,538.075,529.05,535.25,16505132.0
2020-09-16,1053.11644003,1075.51790624,1048.82680625,1055.18181925,34518869.11868627,2488.95,2507.6001,2477.3,2503.0,3074013.0,535.1,548.0,534.175,546.825,18710252.0
2020-09-17,1053.11644003,1059.33527418,1040.33836999,1043.47043815,26259564.53525018,2480.0,2495.75,2450.6001,2460.95,4828231.0,542.0,547.0,539.0,541.8,18318826.0
2020-09-18,1050.5063454,1052.8667788,1033.39320325,1046.62524818,33626589.59072006,2485.0,2500.3999,2436.3999,2449.8999,4183256.0,546.0,546.1,523.6,528.65,23481778.0
2020-09-21,1044.03785003,1060.37931203,1020.13850724,1023.99690799,34189082.22447411,2465.0,2504.8999,2452.1499,2465.3,4598809.0,527.5,535.675,520.75,524.65,19842878.0
2020-09-22,1033.59747153,1033.59747153,999.34849075,1003.70616856,35372499.47315844,2485.0,2555.0,2458.0,2522.95,7499927.0,527.025,529.075,514.75,517.7,18620678.0
2020-09-23,1025.88067003,1033.48398915,1001.05072637,1012.62592863,43706806.89293618,2510.0,2519.8501,2409.0,2467.45,7503152.0,523.0,527.5,517.175,523.625,16079870.0
2020-09-24,1002.23089768,1010.44706703,987.7732885,990.11102542,30324799.33482623,2450.0,2450.0,2302.6001,2332.25,8425118.0,519.0,523.5,512.5,515.2,19809790.0
2020-09-25,993.65167552,1004.45519762,983.80140537,999.41658017,28850184.88482161,2368.0,2440.0,2352.1001,2422.3,8228297.0,525.0,525.975,512.825,522.0,20321550.0
2020-09-28,1010.90099653,1015.89422103,1001.845103,1006.0212544,19996028.0170698,2440.0,2444.0,2366.0,2426.3,4347177.0,524.475,529.5,521.325,527.1,16152422.0
2020-09-29,1009.99313753,1027.69638803,1006.0212544,1019.094424,26276016.42921128,2434.8501,2511.05,2426.3,2488.3999,6995815.0,529.0,534.95,525.5,531.275,12644548.0
2020-09-30,1025.88067003,1029.05817653,1009.99313753,1014.23742374,24874523.46613179,2489.0,2505.0,2460.0,2492.3,3917186.0,530.0,543.45,526.0,539.3,18814076.0
2020-10-01,1027.60560213,1027.60560213,1004.99991302,1010.1066199,21129860.47340325,2510.0,2540.0,2492.3,2523.45,2610338.0,545.05,555.0,545.05,553.475,21203132.0
2020-10-05,1018.61779803,1020.95548956,1001.36847702,1004.18283992,19238427.99329638,2620.0,2728.1001,2603.05,2705.8,17412119.0,556.0,566.0,555.5,557.175,16940218.0
2020-10-06,1010.1066199,1014.03306468,999.39383831,1003.34311574,18719541.24988326,2736.0,2736.0,2650.1001,2714.3,9846376.0,567.525,574.0,563.1,572.05,19371994.0
2020-10-07,1014.53243253,1048.12321553,1007.72349003,1024.74584628,54058218.29026388,2742.0,2770.0,2703.0,2735.95,9656167.0,572.45,582.425,568.8,581.125,21249054.0
2020-10-08,1025.42674053,1029.51210603,1008.67678737,1016.4616329,21429556.79187698,2800.0,2885.0,2800.0,2825.7,19839826.0,590.0,601.5,581.675,595.9,35060736.0
2020-10-09,1014.53243253,1022.70316353,1006.40713987,1013.8288418,18854793.53024502,2810.0,2829.8501,2780.0,2812.95,7739375.0,600.5,618.5,595.825,616.775,44972430.0
2020-10-12,1014.53243253,1023.95146965,1010.5605494,1015.462988,14463754.83381644,2815.5,2854.0,2800.75,2830.0,4623211.0,615.775,621.375,602.8,606.825,19220554.0
2020-10-13,1012.53518812,1037.56935465,1010.37902299,1035.27701068,23497657.67533284,2845.0,2854.8999,2812.2,2826.55,4209905.0,606.7,611.225,597.5,599.225,18354030.0
2020-10-14,1034.45989218,1045.85356803,1029.73907078,1038.36373128,27188114.01262394,2842.0,2842.0,2787.55,2809.6001,4395979.0,597.775,607.15,587.75,605.75,22582946.0
2020-10-15,1039.49855503,1039.49855503,996.37525252,1001.59544177,20370769.02860524,2811.0,2827.75,2727.0,2740.6001,6629395.0,607.1,608.5,582.0,584.625,28247138.0
2020-10-16,1005.45384252,1013.39760878,986.22988281,987.65980612,21944112.46625857,2750.1001,2771.6499,2731.3,2763.3,5273773.0,590.0,601.75,586.5,599.675,25823118.0
2020-10-19,994.1283015,1011.67267668,978.28611656,987.84137792,31720921.41982897,2774.0,2774.0,2706.6001,2711.55,3331194.0,617.5,617.5,596.3,601.775,42359768.0
2020-10-20,989.11238052,995.46739352,976.9697664,978.62656368,18790629.38140853,2725.0,2759.8999,2717.95,2739.0,3406298.0,603.75,613.7,602.95,611.975,27411988.0
2020-10-21,984.11915602,995.01346402,952.23060865,964.41866112,34652933.98999006,2739.0,2749.0,2663.05,2675.3999,4570175.0,615.3,625.5,610.85,623.35,35641130.0
2020-10-22,965.68957293,968.00465877,949.16658452,956.40676005,31315997.30717396,2661.0,2686.6499,2638.1001,2671.1499,5262311.0,619.975,625.0,611.5,616.65,21913096.0
2020-10-23,955.97552702,969.13948252,951.61775843,959.17573,23812911.47574996,2687.8,2702.0,2670.1001,2686.8,3499372.0,621.75,624.225,615.6,617.9,15866252.0
2020-10-26,954.13711255,954.13711255,916.25669577,921.06834847,37947170.20940925,2689.95,2709.95,2670.5,2688.2,2672766.0,614.9,621.0,602.3,605.45,19572046.0
2020-10-27,923.70113957,935.02672599,910.12864752,923.51956777,37087281.17379842,2699.75,2718.1499,2624.1001,2630.1499,3537594.0,613.0,618.0,598.925,616.55,24317844.0
2020-10-28,926.83325312,934.05073217,911.21807832,913.0564928,30423345.47469792,2650.0,2655.95,2606.0,2622.2,3569515.0,614.0,616.0,600.75,604.8,16571250.0
2020-10-29,906.49721152,926.92403902,903.77363452,920.06970357,31167132.78085804,2608.0,2655.0,2600.25,2632.6499,3105970.0,600.3,602.225,589.25,593.6,23060304.0
2020-10-30,923.06563827,937.40985587,917.75466312,932.59815777,34589342.61732253,2636.1001,2674.3501,2621.6001,2664.8501,3427003.0,591.275,599.65,588.175,591.775,11522940.0
2020-11-02,920.11509652,920.11509652,843.92302995,852.2299398,101024070.91599172,2660.0,2664.8501,2600.05,2604.6001,2571196.0,597.175,612.5,588.75,607.625,21926080.0
2020-11-03,857.92675502,866.55141552,833.00602547,839.95114682,90170764.400602,2604.0,2665.0,2601.05,2633.6001,2879269.0,613.225,625.375,612.75,623.975,28164230.0
2020-11-04,833.86849152,875.63000552,833.86849152,868.45791942,81517308.30245811,2610.0,2721.8501,2610.0,2653.1499,4893928.0,626.0,632.4,615.0,628.7,23404822.0
2020-11-05,887.40947605,890.13305305,876.99179402,887.43217252,37825860.62279144,2685.0,2710.0,2667.0,2685.7,2816502.0,633.0,638.0,626.175,634.6,21433928.0
2020-11-06,903.31970502,926.01618002,897.94064045,921.09104495,67786032.85143512,2699.0,2713.25,2681.3,2707.45,3884421.0,633.125,655.0,632.75,653.825,35705724.0
2020-11-09,936.04806737,939.18013552,924.20046202,930.87322567,36436202.09655702,2731.1001,2744.0,2695.1001,2726.6001,3646592.0,657.6,672.975,657.6,670.275,26288440.0
2020-11-10,942.81157152,948.71265502,926.56089542,946.23873925,37550207.68550294,2697.2,2713.1499,2638.3501,2649.6001,4760020.0,678.5,697.5,675.775,696.825,41517356.0
2020-11-11,948.25872552,950.98230252,897.91794397,906.58799742,57670799.09842739,2667.95,2692.8,2643.3999,2687.8,3242441.0,699.95,707.4,685.25,694.975,36116194.0
2020-11-12,899.23433952,911.6947043,891.97146752,898.78041002,40714397.27874225,2686.0,2713.0,2661.75,2671.05,2437505.0,688.7,694.275,680.0,685.85,27053948.0
2020-11-13,899.68826902,924.4955162,899.57478665,906.22485382,46145632.74578889,2655.75,2664.8999,2636.0,2656.8501,2548093.0,684.4,684.4,673.5,679.4,22472480.0
2020-11-14,914.62254957,914.80412137,905.74822785,908.90303787,5313380.16132478,2677.95,2689.0,2660.05,2670.3501,298819.0,683.9,687.475,682.6,684.85,1835066.0
2020-11-17,946.44300752,946.44300752,901.05005752,904.7949759,47318768.66224016,2695.0,2695.0,2650.05,2666.05,2827273.0,692.9,706.3,690.3,704.225,31059900.0
2020-11-18,904.7949759,910.80954177,889.74721297,902.04870242,30909319.61824779,2661.0,2664.2,2607.05,2626.6499,2893762.0,701.5,709.5,699.525,704.35,18862776.0
2020-11-19,902.04870242,912.6025633,893.42404192,895.67099295,28259912.60687241,2637.0,2676.1499,2630.8501,2636.8999,4167501.0,694.85,699.725,684.0,687.175,20266882.0
2020-11-20,896.51076252,900.50534212,860.19640252,862.23908527,58429716.50738945,2655.0,2676.0,2627.55,2660.25,2711471.0,686.325,704.2,682.525,701.825,20405362.0
2020-11-23,885.61645452,894.24111502,874.3816994,885.48027567,46083510.7642933,2690.0,2730.0,2665.0,2724.25,3706418.0,707.5,711.825,687.675,697.3,25246636.0
2020-11-24,891.51753802,896.05683302,876.99179402,891.5402345,31452203.48015559,2734.3999,2743.0,2705.0,2722.05,3120516.0,704.0,722.5,701.025,719.1,40154400.0
2020-11-25,898.78041002,904.65879705,881.62187492,884.16388012,33182192.3880818,2729.0,2732.95,2688.2,2701.3,3302249.0,725.65,732.2,698.5,701.4,24152602.0
2020-11-26,886.54701,891.97146752,876.1066315,886.34274172,26269557.27641348,2686.0,2730.95,2680.0,2720.6001,2341099.0,707.5,716.0,693.5,713.325,27943126.0
2020-11-27,880.85019477,887.93149497,872.18014132,875.99314912,48126264.09928686,2705.0,2717.7,2669.05,2679.6499,6086808.0,715.9,723.0,707.775,720.425,17994580.0
2020-12-01,880.78210533,892.53887938,876.10663148,887.38677955,20080076.31140959,2679.0,2735.8999,2624.45,2726.8,3605017.0,720.425,724.5,712.75,716.65,17147574.0
2020-12-02,889.02092575,890.609679,878.3535825,888.86205043,22558939.21853504,2719.0,2754.7,2702.45,2749.55,2509032.0,715.5,715.9,697.4,703.475,17892150.0
2020-12-03,895.148974,899.27973245,889.08901518,891.54023447,28248758.89317614,2773.8999,2773.8999,2700.8,2709.45,2852548.0,714.5,716.0,687.025,688.6,37933222.0
2020-12-04,893.7871855,893.7871855,880.62323,883.68725413,18772492.20418589,2710.8,2738.8501,2699.0,2727.55,2686527.0,690.5,700.725,686.65,692.8,26912322.0
2020-12-07,880.8955877,891.9714675,880.8955877,888.8847469,18546419.65327215,2715.0,2744.0,2706.1499,2737.7,1996400.0,687.5,689.975,679.05,686.125,24316318.0
2020-12-08,890.22383893,914.32749538,885.162525,905.02194063,44126909.57516531,2740.0,2805.55,2732.45,2797.3,4277818.0,687.5,694.4,682.575,688.15,19457896.0
2020-12-09,912.37559853,923.2018171,907.51855288,920.09240003,29661819.73191872,2815.0,2840.0,2793.1499,2810.8,3659996.0,688.5,705.025,687.525,703.6,22069074.0
2020-12-10,917.6638772,920.79599075,908.3129295,911.0365065,16333437.24080501,2818.0,2827.3,2780.25,2784.3,2127801.0,699.0,701.0,687.875,692.925,19727966.0
2020-12-11,913.7600835,925.108321,896.17031538,910.4917911,27393560.01317385,2792.7,2807.7,2764.55,2783.6001,1795408.0,695.025,697.5,686.5,691.4,21356384.0
2020-12-14,911.46773953,914.6679425,901.66286232,903.90981335,17601477.76251598,2802.0,2804.0,2756.25,2797.7,2483658.0,691.5,694.0,684.0,686.075,17222050.0
2020-12-15,903.18352615,903.18352615,890.20114245,896.21570832,18860651.26853399,2786.0,2794.7,2755.0,2761.55,2365509.0,690.4,697.475,683.0,695.65,21561436.0
2020-12-16,902.411846,905.56665603,892.28921815,897.21435323,18870560.29625746,2779.0,2819.8,2760.45,2814.2,2565149.0,702.0,708.4,697.25,705.35,16832092.0
2020-12-17,900.82309275,910.1286475,897.48671093,901.3224152,20590113.66302476,2811.0,2853.7,2805.0,2838.2,2863460.0,709.3,722.5,702.25,720.9,21924478.0
2020-12-18,898.82580295,910.08325455,891.9714675,904.02329572,18774314.07300032,2868.0,2898.0,2846.2,2861.0,6076692.0,717.5,719.85,703.15,705.675,22995918.0
2020-12-21,912.398295,917.845449,842.15270487,880.48705115,44871604.51127322,2861.0,2886.5,2785.0,2820.1499,2705195.0,708.75,711.925,683.35,686.325,23761824.0
2020-12-22,884.7085955,889.20249755,857.22316428,879.12526265,28609301.66468582,2834.0,2883.6499,2818.6499,2872.5,2881737.0,692.4,692.4,672.5,686.55,22851558.0
2020-12-23,876.083935,885.82072278,871.83969418,882.37085858,19826642.68350041,2876.05,2919.0,2865.45,2908.75,2790988.0,683.75,690.475,680.525,687.825,15467394.0
2020-12-24,883.8007365,907.3142846,883.30141405,905.20351243,21123493.84651141,2909.0,2921.3501,2883.2,2909.3501,1807144.0,694.7,702.0,688.5,698.55,14952188.0
2020-12-28,910.90032765,916.029731,905.72553135,909.35696735,17508707.85000755,2910.0,2949.7,2902.0,2929.3999,2108994.0,702.5,710.5,702.0,706.425,11699194.0
2020-12-29,911.9443655,913.44233285,899.93793023,903.34240148,18922337.05894858,2920.0,2952.0,2920.0,2930.5,1994151.0,710.525,717.375,710.0,713.6,14495346.0
2020-12-30,905.70283488,911.1272924,896.76042372,905.81631725,22411259.89828817,2934.3999,2947.7,2902.0,2909.3,2637968.0,719.95,719.95,706.5,716.25,16216726.0
2020-12-31,904.90845825,913.26076105,898.1449087,901.18623635,19094410.03503848,2900.0,2905.0,2845.0,2862.75,4040956.0,717.5,722.0,712.525,718.15,22145750.0
2021-01-01,902.411846,906.4972115,899.688269,902.18488125,10182202.3023399,2880.0,2940.0,2879.0,2928.25,2681440.0,720.0,721.5,710.3,712.525,8810938.0
2021-01-04,905.63474545,907.35967755,893.333256,903.70554507,24922354.68283071,2950.0,3050.75,2940.95,3039.45,5113293.0,719.0,719.0,699.5,708.0,15740192.0
2021-01-05,893.7871855,900.4145562,887.886102,892.47078995,24525400.97085561,3039.6001,3114.25,3039.6001,3093.0,5801309.0,709.6,715.375,704.5,713.35,14386824.0
2021-01-06,892.38000405,892.425397,864.80378693,868.93454538,47175321.27786364,3100.0,3113.5,3037.2,3051.5,3726716.0,717.5,720.0,706.55,710.275,22134050.0
2021-01-07,871.77160475,882.8928775,864.80378693,867.52736393,32865028.60025621,3075.0,3080.8501,3000.25,3032.8,3717827.0,716.25,716.3,706.275,708.125,19894842.0
2021-01-08,870.636781,879.8969428,867.95859695,877.76347415,27999484.50144791,3090.0,3128.0,3060.0,3120.8999,5879039.0,716.0,721.0,711.55,715.825,13768764.0
2021-01-11,880.0785146,880.0785146,859.06157875,861.21774388,33863311.37324188,3230.0,3230.0,3146.55,3176.45,9508039.0,725.0,732.45,718.15,725.725,17331392.0
2021-01-12,863.8278385,889.70182,862.42065705,888.36272798,41848011.64057414,3176.45,3210.0,3150.0,3174.8501,3611458.0,726.225,743.85,724.55,740.5,20388156.0
2021-01-13,891.31326973,896.48806603,870.84104928,880.0785146,27063400.81444365,3175.0,3177.0,3126.25,3158.95,3572801.0,746.45,748.45,731.05,735.325,16934650.0
2021-01-14,882.8928775,892.83393355,880.19199697,889.9741777,21912693.49094959,3155.0,3266.5,3120.3999,3250.7,6931542.0,735.575,744.0,728.0,734.375,12297166.0
2021-01-15,889.9741777,895.9660471,871.56733647,879.46570977,20936709.33481962,3235.0,3274.0,3210.0,3233.3501,4131692.0,734.55,735.825,722.5,733.325,14165236.0
2021-01-18,884.75398845,906.4972115,873.06530382,900.57343153,35685841.08325192,3250.0,3256.75,3187.3999,3221.75,4160906.0,734.95,751.425,733.5,741.55,42825632.0
2021-01-19,905.43047718,921.9308145,905.43047718,915.3034438,32540401.09752726,3233.0,3279.0,3232.0,3260.7,2975735.0,745.9,755.825,733.5,751.925,17360254.0
2021-01-20,917.5730913,934.186911,908.4945013,932.68894365,31440276.5187105,3270.0,3327.95,3267.1001,3308.8,3453446.0,750.5,750.5,743.0,746.0,13346052.0
2021-01-21,945.081219,962.33054,941.9037125,952.97954691,39739622.56253449,3305.0,3309.1499,3262.1001,3273.8501,2778546.0,746.0,747.175,734.075,737.4,26333054.0
2021-01-22,958.2451745,960.21981322,923.81462193,930.37394859,31041864.43048976,3241.8999,3325.0,3241.8999,3303.1001,3052459.0,733.95,733.95,720.075,721.775,15392364.0
2021-01-25,923.72383603,923.72383603,876.991794,881.0771595,55111135.09917289,3308.95,3339.8,3278.6499,3291.3,2272887.0,732.55,740.5,727.575,731.425,20344718.0
2021-01-27,873.8142875,873.8142875,857.018896,860.1964025,43076753.10813684,3300.0,3306.45,3227.0,3261.05,2786662.0,734.0,735.95,703.075,704.8,23556276.0
2021-01-28,853.45554943,873.04260735,848.848165,851.82140322,34635975.41027847,3230.0,3275.0,3183.8,3196.55,3083938.0,694.95,700.65,671.0,685.725,42704446.0
2021-01-29,859.87865185,868.41252645,830.690985,836.11544253,44441390.12776213,3210.05,3216.8501,3100.0,3111.3501,5445659.0,695.675,704.375,682.25,695.25,28704502.0
2021-02-01,844.0365123,864.7356975,838.861716,860.33258135,34750999.87993731,3100.0,3165.0,3044.1001,3139.3501,3985846.0,705.125,741.25,700.5,738.375,26370544.0
2021-02-02,868.93454538,880.62323,842.01652603,874.1774311,42161644.04384382,3174.0,3224.0,3150.0,3203.45,2881837.0,750.5,789.25,748.7,780.275,42420206.0
2021-02-03,875.31225485,886.070384,862.46605,876.37898918,30807048.23105791,3213.0,3236.0,3162.6499,3200.05,2505866.0,789.5,790.85,771.0,787.4,20237254.0
2021-02-04,873.360358,880.62323,864.7356975,873.49653685,26054371.87933369,3216.05,3237.8501,3176.0,3188.45,2057261.0,783.0,794.0,771.725,789.55,24484684.0
2021-02-05,876.10663148,882.73400218,871.54464,873.24687562,20585729.72234675,3198.95,3205.8501,3129.0,3157.95,2366135.0,774.0,809.125,774.0,798.8,27054716.0
2021-02-08,877.46841998,893.7871855,875.65270197,885.82072278,21536683.55989201,3189.5,3226.0,3155.1499,3214.1001,2526592.0,810.0,815.825,797.85,802.625,17447580.0
2021-02-09,890.58698253,903.1381332,886.20656285,887.95419143,19931086.21492985,3195.0,3245.8,3164.0,3176.8999,2658751.0,805.0,814.0,793.35,805.925,18421366.0
2021-02-10,886.86476062,900.93657513,874.85832535,896.19301185,21588286.28674717,3185.0,3219.3999,3157.3,3213.3,2127983.0,804.175,807.425,783.5,790.875,19788006.0
2021-02-11,898.78041,937.0012739,895.26245638,933.14287315,43248720.340934,3215.0,3219.3,3185.05,3206.0,1165882.0,791.0,798.9,782.1,786.175,13648618.0
2021-02-12,933.05208725,943.265501,914.8495143,926.7424672,31005638.54078662,3184.2,3245.5,3182.0,3190.8,2777404.0,786.95,796.25,786.5,790.975,9910106.0
2021-02-15,929.67031248,935.68487835,919.2072375,922.6571017,16054453.3897885,3209.0,3209.0,3131.55,3139.8501,2630853.0,800.05,812.5,798.35,808.3,10355244.0
2021-02-16,925.90269763,943.90095691,923.7465325,934.86780525,21778917.21071224,3150.0,3167.6499,3100.0,3108.8,3435770.0,810.6,820.5,804.225,813.325,13897358.0
2021-02-17,935.09477,951.41353552,930.82787809,945.64863088,24138964.31053721,3105.1001,3132.8501,3045.55,3073.1001,3678426.0,810.0,810.9,791.5,793.25,12794426.0
2021-02-18,946.4430075,957.06491241,934.68627884,938.59002715,18957857.99336681,3065.0,3097.8999,3031.0,3057.3501,4189909.0,802.975,802.975,774.0,777.15,14720560.0
2021-02-19,933.7329815,955.49890102,932.05344235,944.30953885,23793791.76722376,3058.0,3087.1499,3016.1499,3071.8501,3725028.0,772.5,782.1,766.5,769.55,17139508.0
2021-02-22,944.17336,948.66721666,905.56665603,911.53582895,24201328.62041352,3096.0,3096.0,2943.1499,2958.45,5366696.0,772.525,786.95,769.725,774.0,29451838.0
2021-02-23,929.647616,931.87182516,914.0324412,918.50364678,26071784.27487088,2970.0,3028.0,2968.0,2980.2,3832829.0,776.875,778.85,761.325,764.575,18239906.0
2021-02-24,921.476885,937.47789987,919.72925643,935.5486995,10517827.10751339,2972.0,3003.3501,2921.1499,2948.1001,3608396.0,763.25,806.975,758.125,805.0,12983242.0
2021-02-25,942.357642,976.856284,940.9958535,973.38376872,35436994.07066516,2974.0,3029.8999,2968.45,2995.3,4224073.0,804.875,818.125,801.0,803.2,20109570.0
2021-02-26,960.9687515,968.64011466,939.95181565,946.8061511,38106302.85099338,2960.0,2972.3501,2880.0,2894.3,5553153.0,793.525,794.45,760.5,767.2,27912846.0
2021-03-01,957.8820309,958.699104,936.22959375,954.02363015,17975632.77998015,2926.0,2965.0,2901.8,2924.2,3265871.0,782.0,786.275,770.35,779.45,13536018.0
2021-03-02,963.238399,966.869835,948.30416384,955.975527,17436789.19303548,2960.0,3025.0,2948.0,3006.3501,3306469.0,787.85,793.75,775.5,784.1,16110038.0
2021-03-03,962.80716598,1007.67805166,956.5202424,999.59819734,32456877.11417742,3035.0,3064.0,2996.8999,3059.1001,3509857.0,792.0,798.0,782.5,793.425,11222410.0
2021-03-04,989.56631,994.08290852,979.44368215,987.68254797,21793245.42687796,3023.0,3081.45,3016.05,3049.7,3916760.0,774.275,785.5,769.55,776.025,16291438.0
2021-03-05,978.672002,1004.06935752,977.33290998,988.97620165,25937133.40948319,3016.1001,3063.2,2996.6001,3008.05,3203686.0,765.5,772.8,760.55,765.0,17445822.0
2021-03-08,984.34612075,1013.12520566,984.119156,994.60497284,19832163.36457534,3016.0,3033.0,2996.0,3006.95,2003125.0,771.0,777.5,756.25,759.75,15117050.0
2021-03-09,998.6449,1004.9091271,974.40511009,994.58223098,15407220.72480418,3006.95,3066.8999,2992.1001,3050.95,1942397.0,772.5,782.85,769.125,781.25,15066696.0
2021-03-10,1001.8224065,1005.49928084,985.14049738,990.45147252,11711470.6138288,3075.0,3093.2,3060.0,3070.95,3053778.0,786.0,787.5,776.075,777.875,11055016.0
2021-03-12,996.3752525,1001.55000341,964.10081966,970.31974459,17146215.43653805,3075.0,3117.0,3041.3501,3057.95,2938317.0,800.0,800.0,767.525,775.975,15631204.0
2021-03-15,971.43182648,975.44905716,944.40032475,957.29187716,16976869.75620664,3041.0,3099.0,3041.0,3066.1499,3097140.0,774.2,774.2,757.65,764.325,12230484.0
2021-03-16,959.606963,965.054117,951.20926725,953.52435309,14105179.32850806,3060.0,3141.0,3060.0,3110.05,4894756.0,765.45,770.2,755.0,756.075,13722366.0
2021-03-17,952.36678748,954.6137385,923.79192545,932.98404322,19530612.13250075,3105.0,3155.0,3085.3,3112.95,3838390.0,762.125,769.5,745.1,747.675,21064428.0
2021-03-18,940.95041516,946.3522216,908.3129295,911.98975845,20991825.82317298,3125.95,3146.45,2987.05,3036.5,3656306.0,755.875,761.025,740.575,745.5,18065540.0
2021-03-19,903.7736345,951.36818797,900.0514126,945.081219,42484332.91953926,3030.0,3099.0,3005.0,3050.2,5776626.0,742.5,755.6,737.025,748.75,21235020.0
2021-03-22,940.0879945,941.449783,922.9294594,936.18415541,18882218.4942816,3048.7,3139.45,3018.6499,3129.6499,2821646.0,747.45,747.45,730.2,734.575,14015632.0
2021-03-23,935.97993252,957.65506615,933.279052,947.57783125,17711704.13026692,3140.0,3169.0,3122.8501,3142.6001,3305973.0,735.0,753.725,734.55,750.075,19761428.0
2021-03-24,944.05987763,944.05987763,926.1977518,929.32986535,17103373.98208312,3111.2,3152.3,3111.1499,3121.1001,2207104.0,745.45,753.225,735.5,739.4,16368900.0
2021-03-25,932.371193,932.371193,901.0500575,903.97790278,22368577.05877234,3112.2,3130.8501,3050.0,3064.8501,3179786.0,745.1,747.775,725.125,731.675,23964356.0
2021-03-26,913.306154,914.07783415,895.92065415,905.43047718,20516754.25368917,3090.6499,3118.0,3043.05,3066.8,3697370.0,747.0,749.5,737.0,745.65,12021258.0
2021-03-30,911.490436,930.05610716,904.02329572,921.15913435,20782632.54536222,3083.0,3188.45,3060.8999,3158.55,4694261.0,753.325,781.275,750.775,776.85,25608064.0
2021-03-31,916.029731,930.51003666,907.4050705,909.26618145,16521816.71382891,3155.0,3205.0,3132.0,3177.8501,3530069.0,774.0,774.0,744.0,746.825,30774506.0
2021-04-01,916.029731,921.476885,909.28887793,917.77735957,11918826.60192827,3191.1001,3215.0,3145.0,3165.0,4285076.0,749.7,749.7,732.5,743.375,35763762.0
2021-04-05,919.18454103,919.2072375,890.65507195,904.4999217,15123176.6166332,3171.0,3263.0,3151.0,3238.8999,5317862.0,740.0,742.5,715.5,724.8,16006586.0
2021-04-06,909.674718,910.10595103,893.7871855,900.73230685,14242830.65982713,3275.0,3275.0,3230.0,3264.7,2291562.0,730.0,731.325,716.325,720.125,15075734.0
2021-04-07,907.859,929.14829355,904.81767235,909.15269908,24671051.3416731,3259.0,3277.55,3234.8,3271.3999,2491268.0,719.65,728.35,710.775,723.6,25088180.0
2021-04-08,912.8522245,917.845449,904.6814935,910.28752282,15625505.72280497,3270.0,3335.0,3266.05,3317.3501,2578118.0,726.5,730.45,715.25,716.4,17613592.0
2021-04-09,907.15540928,910.74145233,898.78041,899.71096548,14272000.38772541,3354.0,3354.3501,3308.0,3322.25,2911129.0,713.0,716.4,707.55,710.875,28157816.0
2021-04-12,889.2478905,890.3373213,862.57953238,867.52736393,21250064.16194585,3322.25,3338.1001,3213.2,3246.55,3791828.0,696.5,699.5,676.5,683.525,22549128.0
2021-04-13,873.360358,880.8955877,870.56869157,876.9010081,19734916.98600774,3214.0,3214.0,3073.05,3104.05,8654596.0,684.0,703.225,680.5,700.175,18600682.0
2021-04-15,874.40439585,890.1557495,868.3671335,882.57512685,20052655.75381199,3160.3,3237.25,3087.45,3218.95,6062760.0,702.5,718.35,695.5,715.05,34444984.0
2021-04-16,879.0798697,885.11713205,874.47248528,877.03718695,15918064.36902647,3229.0,3247.0,3182.6001,3195.1499,3224657.0,717.475,722.5,711.75,714.325,15606526.0
2021-04-19,864.281768,869.9104938,857.926755,863.23773015,18786985.64424652,3169.0,3189.0,3135.1001,3161.8,2679106.0,695.0,708.85,686.15,706.2,24069242.0
2021-04-20,867.23230975,871.0907105,858.13102328,862.98806893,17490579.48425912,3225.0,3225.3501,3126.3501,3144.55,3141893.0,712.5,713.2,691.975,695.7,23186270.0
2021-04-22,858.94809638,869.02533128,851.88949265,865.3711988,14732624.77983916,3148.0,3148.0,3105.25,3118.8,1988980.0,690.0,713.4,685.525,711.25,38485312.0
2021-04-23,865.189627,871.04531755,860.35527782,864.44064332,12026131.81121738,3105.0,3119.0,3091.05,3109.5,1615309.0,704.5,717.3,700.1,707.075,22713528.0
2021-04-26,871.54464,890.609679,867.68623925,879.64728158,21194447.59593726,3102.05,3153.0,3088.05,3100.8,2490260.0,706.5,714.5,701.375,702.4,30170952.0
2021-04-27,880.62323,906.5879974,879.82885338,902.70690018,20325947.09090288,3106.0,3136.1001,3103.0,3132.0,1471417.0,703.625,721.0,702.4,719.35,20592906.0
2021-04-28,906.88305158,911.490436,898.84849943,906.63339035,17407993.97263232,3149.95,3151.0,3112.0,3124.1001,1639037.0,718.125,739.5,715.5,738.4,24103940.0
2021-04-29,918.25398555,928.05886275,911.17268535,918.77600447,17703002.33846886,3145.6001,3157.3501,3105.5,3115.25,1621395.0,743.1,751.825,730.5,736.25,24078552.0
2021-04-30,911.71740075,924.200462,902.20757773,905.36238775,20159460.88544587,3099.0,3132.05,3020.0,3035.6499,3072305.0,722.5,726.9,703.75,706.15,35232902.0
2021-05-03,892.425397,898.3264805,882.03041145,889.27058697,24034441.47163822,3024.8999,3055.0,3004.0,3037.0,1545831.0,696.5,710.95,688.65,707.225,22473700.0
2021-05-04,885.162525,893.2424701,867.4592745,870.0012797,22214227.09914205,3062.8,3090.0,3035.0,3049.75,1990777.0,704.975,711.5,691.65,694.175,21486328.0
2021-05-05,873.06530382,879.94233575,866.12018248,871.59003295,12600302.46987693,3070.0,3099.3999,3052.3999,3095.7,1939289.0,700.5,704.8,690.85,701.3,14421612.0
2021-05-06,872.38440958,878.3535825,865.4619847,876.5378645,14868566.59459233,3105.5,3134.0,3074.0,3111.45,1791671.0,703.8,705.4,697.5,700.45,11477044.0
2021-05-07,879.60188863,887.72722668,874.268217,876.87831162,12493488.52630199,3133.0,3159.8501,3111.8,3132.8999,1912540.0,706.475,712.475,705.125,707.375,12048334.0
2021-05-10,880.1693005,883.7099506,871.97587303,874.3590029,14173740.63593576,3145.95,3164.2,3125.0,3145.5,2137153.0,713.5,715.0,706.4,709.925,11060050.0
2021-05-11,869.2749925,879.96503223,867.005345,877.51381293,13703046.39817417,3125.0,3128.1001,3091.1499,3122.6001,2415625.0,698.0,712.1,697.525,701.775,14519034.0
2021-05-12,876.12932795,877.40033055,865.6435565,868.43522293,13397734.67025166,3120.0,3120.0,3070.6001,3087.6001,1978558.0,699.875,704.3,694.425,699.75,13774926.0
2021-05-14,875.19877248,881.531089,865.189627,879.39762035,13513285.65338891,3098.5,3098.5,3040.0,3051.5,2043935.0,697.175,699.45,691.175,693.425,10604142.0
2021-05-17,879.39762035,891.26787678,876.2655068,889.86069532,12071090.3345123,3055.0,3075.2,3036.0,3069.75,2890462.0,697.575,721.3,690.65,720.125,15120692.0
2021-05-18,899.2343395,909.0392167,895.37593875,902.38914953,12266129.43199329,3100.0,3124.0,3078.0,3088.8,2098538.0,729.475,741.375,727.5,738.35,22165280.0
2021-05-19,898.78041,915.32614028,895.148974,906.51990797,16589126.7256259,3084.0,3118.0,3067.1001,3082.0,1986041.0,735.1,739.425,726.275,729.1,10130916.0
2021-05-20,906.90574805,912.80683155,899.2343395,901.2316293,11613030.21724739,3067.1001,3088.8,3052.1001,3060.0,2329027.0,729.175,732.95,714.25,716.4,10684184.0
2021-05-21,904.227564,912.2167232,901.503987,909.01652022,10965480.32238486,3061.0,3088.2,3055.1001,3080.5,1685566.0,721.5,750.95,721.5,748.65,19341646.0
2021-05-24,911.490436,912.3075091,899.688269,901.34511168,8694380.95563298,3081.5,3105.0,3072.0,3081.5,1652260.0,751.625,760.225,749.25,754.975,22146102.0
2021-05-25,906.2248538,906.4972115,889.70182,891.13169793,15026595.53961573,3092.0,3128.25,3082.1001,3114.0,1841613.0,755.25,756.875,735.25,739.475,19236974.0
2021-05-26,896.5107625,898.55344525,892.10764635,894.26381147,7604954.07326468,3120.0,3165.0,3103.8,3158.5,1923753.0,740.0,743.5,735.0,738.525,12283990.0
2021-05-27,894.37729385,904.6814935,890.72316138,897.01008495,27266568.92755373,3161.95,3217.75,3161.8,3180.0,5959785.0,736.55,744.5,731.225,741.325,20439496.0
2021-05-28,903.319705,955.5215975,903.319705,950.8915166,57411699.39384862,3189.5,3198.0,3135.6499,3143.6001,1763701.0,745.45,756.5,739.375,751.725,17750020.0
2021-05-31,954.159809,994.87728515,946.46570398,980.62389885,60110175.69908984,3150.0,3170.3501,3128.6001,3159.1499,1652799.0,750.0,759.75,743.75,757.925,15661054.0
2021-06-01,983.211297,999.552759,974.35967175,984.52764716,28481028.44164127,3168.6001,3169.95,3132.0,3153.0,1377441.0,760.15,763.5,753.625,755.85,11030162.0
2021-06-02,979.1259315,1002.95723025,979.1259315,999.21231188,25040928.16175199,3150.8501,3159.45,3115.0,3129.45,2240078.0,755.0,755.1,746.5,752.0,10624016.0
2021-06-03,1008.1774195,1021.341375,996.87462034,1003.02527428,24374084.52193568,3154.55,3154.55,3122.6499,3141.25,1281706.0,754.0,762.475,743.875,760.275,10287260.0
2021-06-04,1005.3630566,1006.11204027,991.49551038,994.33256975,14709945.04653256,3128.0,3156.8501,3125.0,3143.75,1836060.0,758.0,760.325,749.6,750.475,9424476.0
2021-06-07,999.552759,1017.709939,991.8359575,1011.08252291,16609024.08854239,3145.0,3190.45,3133.6001,3183.2,2559821.0,755.0,757.0,748.0,749.925,8091668.0
2021-06-08,1010.71947009,1010.96904053,997.80508503,1005.27231609,9836084.67834763,3198.0,3231.0,3187.2,3200.1499,2574057.0,748.275,750.65,740.75,741.525,9872540.0
2021-06-09,1007.2695605,1008.1774195,979.55716452,987.2966625,11599435.59517502,3202.0,3220.0,3186.2,3200.25,1710925.0,741.95,751.0,736.025,740.15,10223442.0
2021-06-10,995.64891991,1012.262785,988.45418273,990.9280985,14391732.63689626,3210.0,3224.0,3193.0,3216.8,1874324.0,741.05,744.5,736.825,740.525,11483540.0
2021-06-11,990.88266016,1011.354926,989.61174834,1004.61402753,13992304.97246819,3211.55,3309.0,3211.0,3273.8,3452954.0,745.5,748.275,740.525,743.175,7205974.0
2021-06-14,1005.4538425,1025.08629338,996.39794898,1019.02628916,20671527.18649041,3279.0,3308.7,3270.3501,3276.3501,1847360.0,739.125,743.0,731.275,739.725,8881964.0
2021-06-15,1026.3345995,1032.64417416,1016.93825885,1021.341375,15427281.10863031,3298.0,3298.0,3251.55,3262.75,1304985.0,743.0,748.0,737.4,745.125,7569602.0
2021-06-16,1019.02628916,1020.00228298,1001.30043297,1003.91052759,10977420.50252297,3262.1001,3294.7,3253.0,3274.3501,1635552.0,744.0,747.0,739.05,742.3,7702098.0
2021-06-17,998.6449,1014.5324325,989.52087166,1005.74885128,16008576.22163794,3265.5,3336.05,3260.0,3317.75,2273413.0,733.0,739.375,730.0,733.05,9283802.0
2021-06-18,1010.22010225,1014.5324325,991.54094872,1010.28814628,29858823.8922564,3350.8999,3358.0,3275.0,3297.3,3380431.0,734.75,745.0,727.5,739.9,11938060.0
2021-06-21,1000.23365325,1020.20655125,998.71294403,1015.55377387,12389686.06358476,3265.0,3286.0,3251.7,3273.1001,1130569.0,730.675,745.9,729.5,744.35,7260472.0
2021-06-22,1023.157093,1026.3345995,1007.42848122,1010.33358463,13086582.82839075,3304.0,3327.05,3285.0,3301.2,1708688.0,748.5,754.0,740.0,741.9,14366824.0
2021-06-23,1021.341375,1021.61377809,999.41658015,1001.07346822,16931695.34035572,3329.0,3329.0,3256.3999,3261.3999,1467104.0,745.0,748.9,739.3,742.75,7844868.0
2021-06-24,1001.75436247,1005.27231609,971.40913,977.53717825,92987318.5153201,3284.0,3383.0,3278.5,3373.6001,4155204.0,745.0,756.725,744.0,753.125,14785024.0
2021-06-25,977.53717825,977.53717825,944.67272784,955.27193627,56278197.38527678,3375.25,3399.6499,3350.0,3380.8,2722861.0,755.55,761.0,753.5,757.55,10383176.0
2021-06-28,963.238399,965.28108175,944.6272895,946.896937,20615210.07116744,3391.5,3391.5,3333.0,3336.75,1355238.0,760.0,761.5,752.5,754.175,9356786.0
2021-06-29,948.48569025,957.3373155,946.03451634,947.7140101,27596754.56210711,3342.0,3366.3,3326.5,3340.8501,1497322.0,753.5,754.1,746.075,751.025,10971692.0
2021-06-30,951.54971438,963.53340778,949.18928098,958.08625378,20092450.47964497,3346.0,3382.0,3338.5,3345.75,1693146.0,749.0,754.5,747.05,748.95,9679022.0
2021-07-01,961.422681,963.76037253,950.9823025,952.32139452,12743448.04644774,3358.0,3362.0,3332.3501,3341.5,990310.0,751.0,751.0,741.5,743.375,16911442.0
2021-07-02,951.8901615,968.18618516,950.05174703,966.43860198,14321547.72932801,3331.0,3339.7,3295.2,3325.45,1682274.0,742.5,744.625,738.5,740.2,14827036.0
2021-07-05,969.79768027,977.55987473,967.55072925,976.0392109,11897451.03589875,3342.0,3374.0,3302.0,3321.0,1972858.0,744.975,752.25,742.275,747.725,7373882.0
2021-07-06,973.65608102,975.44905716,962.4213259,964.5094016,10238067.80568348,3313.0,3328.0,3256.1001,3262.3,2159420.0,748.5,770.0,748.0,767.35,17669032.0
2021-07-07,965.84849363,965.84849363,952.344091,957.81394148,10629251.89924867,3275.0,3282.7,3241.6001,3274.95,2640710.0,767.0,772.675,763.85,769.75,9629190.0
2021-07-08,960.94605502,960.94605502,944.6272895,949.89291709,11372003.80235257,3298.0,3298.0,3231.8999,3258.5,2485811.0,762.5,768.85,756.725,760.225,8420922.0
2021-07-09,947.804796,949.48433515,937.86378534,940.1787804,9188400.40138392,3250.0,3282.0,3201.0,3208.1499,6365067.0,756.275,758.0,748.75,751.0,10695842.0
2021-07-12,944.05987763,953.93284425,941.67674775,946.03451634,8728472.15261401,3235.0,3236.0,3188.3501,3193.1001,1892226.0,751.0,751.0,742.0,743.5,14458978.0
2021-07-13,953.25195,954.63643498,947.82749248,953.11577115,6829157.39118079,3214.0,3214.0,3175.0,3187.55,1809339.0,748.05,753.05,742.05,750.925,18178142.0
2021-07-14,953.41087072,956.36141247,944.74077188,946.896937,8674844.8823,3187.0,3222.0,3185.0,3214.55,2044279.0,748.75,753.675,745.55,749.575,9788494.0
2021-07-15,950.9823025,950.9823025,943.49246575,945.24013972,9605929.99573722,3227.6001,3231.8501,3194.0,3202.95,2232968.0,752.5,763.375,749.825,760.35,10438802.0
2021-07-16,947.69131363,959.94741012,947.62326959,958.88063041,8975415.78593152,3213.0,3219.8501,3192.0,3194.8,1256526.0,763.975,764.975,759.4,761.175,5170628.0
2021-07-19,953.25195,964.146258,949.73399638,952.77532402,8493779.32035702,3180.0,3199.8,3176.0,3184.6001,1597058.0,743.5,744.425,733.0,735.5,25111600.0
2021-07-20,953.02498525,956.883386,945.989078,950.4375871,6853894.71272521,3184.6001,3215.0,3156.1499,3205.8,1811945.0,721.0,727.0,718.075,721.575,24174250.0
2021-07-22,961.8766105,964.10081966,952.41213503,962.64829065,8105355.56732929,3190.0,3224.95,3190.0,3216.3501,2859334.0,728.05,734.25,722.5,724.35,13207114.0
2021-07-23,968.88982127,968.88982127,954.18250548,955.83934815,10102753.84173093,3230.0,3241.55,3206.6499,3212.8501,1776193.0,725.75,728.725,717.65,721.375,13126684.0
2021-07-26,956.883386,962.7844695,940.13343284,942.74352747,12596295.23967929,3200.0,3224.25,3190.8501,3197.55,1259611.0,715.0,722.0,714.05,717.275,13167166.0
2021-07-27,942.7207856,945.85289915,926.924039,932.8251225,11005048.14073551,3200.0,3210.0,3161.1499,3182.95,1121367.0,718.05,724.95,718.05,719.875,22401430.0
2021-07-28,934.186911,934.186911,915.23535437,924.81326682,13112950.35903152,3188.0,3204.45,3132.3999,3197.8,1660654.0,717.525,719.35,702.0,708.65,20670342.0
2021-07-29,932.371193,941.63130941,927.5595403,932.03074588,13995314.25034064,3200.25,3225.45,3190.3,3195.8,1731997.0,714.125,714.975,706.65,709.125,13702230.0
2021-07-30,934.186911,938.70350952,921.97620745,923.88271135,11539906.52733519,3219.0,3223.5,3162.3501,3167.45,2999943.0,709.5,715.875,703.975,713.225,11655488.0
2021-08-02,932.50737185,943.90095691,926.53819893,940.76888875,11107306.31078174,3180.0,3224.8999,3167.0,3219.3999,2608669.0,717.5,717.5,708.125,711.325,13258786.0
2021-08-03,948.712655,949.1665845,937.0012739,947.69131363,12014381.08781209,3229.0,3290.0,3218.95,3284.8999,3804735.0,705.0,719.95,705.0,717.35,12033120.0
2021-08-04,950.70989941,959.606963,947.3508665,954.95418562,13389438.22774241,3300.0,3305.2,3261.2,3273.95,2929598.0,720.5,737.25,720.0,732.65,22053948.0
2021-08-05,959.74314185,978.1272866,955.18115038,968.79903538,21606507.17787674,3275.0,3315.0,3262.5,3283.95,2534521.0,733.55,753.525,728.7,742.425,18822408.0
2021-08-06,966.84713852,974.56394002,943.60594813,948.28142198,16898181.3255142,3272.55,3324.0,3265.0,3309.8,2292362.0,741.775,750.0,737.0,746.325,13339270.0
2021-08-09,944.6272895,948.6218691,938.04531175,942.87961553,7619125.87747657,3323.8999,3337.0,3310.0,3322.7,1510489.0,746.0,753.675,738.0,751.95,10998048.0
2021-08-10,945.081219,959.1530335,941.33630062,947.82749248,12117978.67289965,3315.6001,3349.8999,3315.6001,3333.8999,2040777.0,744.5,759.875,744.5,753.825,14838346.0
2021-08-11,951.86746502,962.33054,945.71667491,961.10493035,9338143.9188244,3350.0,3360.0,3327.1001,3344.2,1929707.0,757.45,759.425,745.525,747.475,12585786.0
2021-08-12,964.55474916,965.1449029,955.5215975,958.01820975,8273326.58485514,3326.0,3368.0,3326.0,3351.75,1310205.0,748.5,753.8,744.65,750.7,8597674.0
2021-08-13,961.10493035,975.90298666,957.31461902,973.97378628,12994053.04127623,3360.75,3480.0,3357.5,3463.3999,4363584.0,750.6,765.5,750.5,763.1,16658428.0
2021-08-16,975.65341622,1000.0066885,966.03002003,986.61576825,22301269.24996062,3460.0,3494.3501,3436.5,3472.95,2083489.0,763.075,767.5,760.725,765.3,6252778.0
2021-08-17,984.50504147,991.9267434,974.97252197,982.41692038,12869273.7528625,3482.1001,3560.8,3463.0,3553.05,4336019.0,758.6,762.0,752.65,757.325,8282666.0
2021-08-18,986.842733,992.6530306,977.12868709,986.22988278,10243899.10768082,3573.8501,3595.0,3536.6001,3560.55,2631309.0,778.35,782.675,754.175,756.5,22985932.0
2021-08-20,972.7709185,985.934874,970.0473415,975.15404838,9583488.18483928,3506.0,3575.0,3500.0,3559.5,2836148.0,743.025,759.9,743.025,757.375,13150406.0
2021-08-23,986.842733,986.842733,967.91387285,981.55449972,10018740.79565219,3580.0,3673.0,3561.8999,3637.3999,3744176.0,764.925,766.575,754.325,762.3,10843054.0
2021-08-24,982.78006398,995.013464,978.49047559,991.24584915,12062340.07703839,3657.0,3667.3501,3594.3999,3613.2,2511141.0,765.0,782.25,763.725,779.425,18381314.0
2021-08-25,992.01748391,1007.72349,989.61174834,999.82516209,13603711.58957503,3610.0,3697.75,3607.05,3659.0,2123263.0,776.05,782.4,774.0,778.7,7727974.0
2021-08-26,1002.276336,1019.02628916,1000.9145475,1012.46705327,18899641.90474512,3660.0,3687.6001,3647.8999,3671.8501,1902533.0,775.0,785.5,771.725,777.4,11119002.0
2021-08-27,1015.4402915,1018.05038612,1005.93046848,1011.08252291,10655425.56718609,3666.0,3729.5,3651.1001,3720.1499,3944728.0,776.0,779.325,772.625,774.225,6382138.0
2021-08-30,1021.341375,1033.07549797,1015.3495056,1030.53344737,14260996.47632507,3715.0,3740.3501,3687.6001,3701.3,2033114.0,777.8,785.0,775.8,784.125,9049166.0
2021-08-31,1033.55203316,1036.66149563,1017.82342138,1025.04085503,26927170.40862072,3709.3999,3804.1001,3703.45,3786.45,3207480.0,781.75,791.675,781.1,790.7,12062576.0
2021-09-01,1031.7817535,1040.81490516,1027.2424585,1029.10361484,11331363.1301777,3796.0,3816.7,3707.0,3714.95,2643336.0,787.5,799.0,787.25,789.55,12422558.0
2021-09-02,1023.6110225,1047.5785001,1023.6110225,1041.49579941,10122823.03749811,3734.0,3859.1499,3722.0,3836.75,3403717.0,787.05,796.0,785.625,794.5,9618524.0
2021-09-03,1048.577145,1087.1611525,1045.17267375,1084.21061075,31175830.16745993,3825.0,3856.8999,3804.55,3842.05,1746812.0,793.05,799.0,784.15,788.025,10735334.0
2021-09-06,1095.3318835,1125.74516,1094.877954,1101.05144059,34202764.96680652,3849.7,3877.6001,3814.0,3852.0,1723693.0,789.975,790.475,780.975,782.85,7876896.0
2021-09-07,1103.048685,1115.758711,1094.877954,1107.99647116,17639232.52399326,3864.0,3869.95,3808.25,3815.8999,1585039.0,781.25,791.0,777.6,784.625,7245496.0
2021-09-08,1113.035134,1113.942993,1092.44938578,1103.66153522,14540165.37810387,3810.0,3815.0,3756.0,3774.1499,4147175.0,785.975,790.25,782.8,788.2,6724080.0
2021-09-09,1102.09538766,1106.61207697,1096.73911034,1101.05144059,9112732.26349026,3789.7,3808.7,3765.0,3791.3999,1441148.0,787.0,789.725,780.5,784.3,8250948.0
2021-09-13,1104.4104735,1104.4104735,1074.92775248,1076.51650573,16583187.47735056,3767.0,3852.3999,3767.0,3845.3501,1691473.0,781.0,792.0,776.825,777.775,8959164.0
2021-09-14,1078.0825625,1086.707223,1073.997197,1075.10932427,9056924.03776357,3849.95,3896.5,3825.0,3885.8999,1991188.0,780.0,782.25,773.3,774.275,9758506.0
2021-09-15,1075.13202075,1087.50159962,1075.13202075,1079.58052985,9222357.21626376,3882.1001,3980.0,3866.0,3954.55,2461369.0,767.5,777.4,767.5,773.4,14822998.0
2021-09-16,1081.05580073,1106.11270913,1074.4511265,1102.2316119,13673173.91797625,3930.0,3981.75,3892.1001,3903.3,2946666.0,768.875,782.15,768.15,779.975,10260550.0
2021-09-17,1110.311557,1114.78280797,1078.35496559,1085.14116623,35463874.89687275,3920.0,3945.0,3805.0,3827.8501,6477148.0,784.5,794.5,779.6,791.075,20498102.0
2021-09-20,1076.76621234,1097.76045172,1075.812915,1086.86614372,11976276.05167763,3809.0,3871.0,3807.8501,3823.5,2002008.0,782.0,790.85,779.0,779.925,8781610.0
2021-09-21,1091.7004475,1096.96607509,1082.167928,1091.56426865,10081105.1055285,3858.0,3871.55,3821.6499,3862.95,1568129.0,781.0,784.325,764.475,775.975,14774996.0
2021-09-22,1093.062236,1108.495839,1088.63642338,1103.27564975,11179295.46328229,3862.5,3896.8501,3852.45,3862.1499,1744067.0,774.5,775.075,765.0,766.85,10582202.0
2021-09-23,1110.94701291,1133.4619615,1110.08459225,1130.23901666,16011039.15916459,3870.0,3879.0,3835.0,3869.25,2003869.0,771.0,786.0,771.0,785.0,13664304.0
2021-09-24,1136.43519973,1137.29766577,1122.113724,1126.97076965,15445528.43558306,3890.0,3944.3999,3855.0,3871.3,2320754.0,789.5,803.975,787.5,800.775,20806702.0
2021-09-27,1128.9226665,1148.39619666,1123.61169135,1145.92232628,15630228.92321385,3900.0,3904.0,3802.8999,3836.95,1673362.0,807.85,817.75,804.0,812.55,16415462.0
2021-09-28,1150.257353,1164.28372916,1140.6340476,1156.63506248,18336038.96640337,3850.0,3850.0,3751.25,3779.1499,2253075.0,816.0,816.0,791.0,807.525,12773790.0
2021-09-29,1166.598815,1166.598815,1143.92503648,1147.46573197,9881977.26739505,3759.8,3806.0,3722.1499,3791.8999,2489161.0,798.5,803.3,792.575,796.925,16263036.0
2021-09-30,1146.1719875,1150.52975609,1134.98267072,1143.56189288,13817310.83791646,3805.0,3805.0,3750.1001,3775.55,2252412.0,793.0,803.175,791.55,797.475,15975348.0
2021-10-01,1135.70891253,1152.8901441,1132.5541025,1145.58187915,9108339.51087118,3781.75,3810.0,3725.0,3730.2,1578374.0,791.5,794.5,782.625,791.35,11128596.0
2021-10-04,1158.8820135,1168.80041847,1151.64183798,1160.31184603,11100644.48333937,3724.8,3783.6499,3707.45,3773.3,1356860.0,794.5,800.675,791.8,792.875,7051028.0
2021-10-05,1159.83531084,1185.663854,1156.31735722,1184.3928514,13759339.28065922,3754.0,3840.0,3741.6001,3833.3,1877966.0,796.0,798.75,788.125,797.725,10257178.0
2021-10-06,1189.27259352,1189.27259352,1158.01959284,1161.99147597,10429972.05513191,3836.0,3857.45,3795.0,3810.8999,1678154.0,798.0,813.425,793.5,807.45,18600830.0
2021-10-07,1177.9470525,1179.64928813,1165.55477715,1167.68820041,6442344.02038202,3830.0,3899.0,3820.05,3892.8999,1647233.0,813.3,813.85,803.5,805.25,11265724.0
2021-10-08,1173.52123988,1218.52830441,1171.81900425,1212.55917688,16035536.35531509,3925.0,3989.8999,3900.0,3935.6499,2934339.0,806.0,811.0,800.075,801.325,7245562.0
2021-10-11,1226.24510591,1234.68824,1200.80244822,1204.11604278,15014968.18338531,3755.0,3757.5,3660.0,3685.6001,11845402.0,799.95,822.5,799.5,816.9,13080848.0
2021-10-12,1200.6435275,1217.8928485,1198.94129188,1210.9931201,6793449.20301501,3706.0,3707.0,3630.6001,3652.8501,5752877.0,812.5,820.775,812.5,814.8,8176946.0
2021-10-13,1216.0771305,1234.46127525,1211.67401435,1223.31730603,10125865.36014954,3650.0,3675.45,3645.0,3655.2,3545655.0,818.5,824.0,815.0,819.7,6225644.0
2021-10-14,1225.76857072,1233.53071977,1219.7993524,1225.79117641,8767286.55000391,3625.0,3670.0,3608.2,3611.45,6442299.0,819.0,845.0,819.0,843.7,14757288.0
2021-10-18,1211.35630909,1246.0364775,1208.49650785,1229.05955959,13821199.10690977,3603.45,3652.7,3601.45,3647.1499,3590107.0,852.5,862.5,833.525,835.15,28856456.0
2021-10-19,1236.4131721,1248.91897522,1229.241086,1240.06734997,8980727.18340623,3669.0,3690.1001,3625.2,3634.1499,3135441.0,837.725,846.225,835.5,844.35,8987540.0
2021-10-20,1245.01513613,1245.01513613,1221.75124925,1225.79117641,12922548.54553405,3612.0,3630.0,3578.3,3608.8501,2933693.0,844.55,849.375,832.225,836.925,10908568.0
2021-10-21,1238.04727291,1238.319676,1181.6692744,1190.43011375,21179086.17968209,3604.1001,3607.45,3511.25,3532.5,4871211.0,835.9,840.975,830.425,838.15,9738190.0
2021-10-22,1189.29529,1209.67667916,1185.43688925,1192.65432291,11211384.14665714,3560.0,3561.6001,3485.0,3498.8501,2691670.0,840.05,854.0,835.375,840.375,12175554.0
2021-10-25,1216.53106,1216.53106,1166.598815,1181.0337731,17485241.65096122,3503.0,3514.55,3450.0,3492.95,2595594.0,845.0,845.0,806.9,828.5,16426766.0
2021-10-26,1187.97893984,1211.49239716,1181.64653253,1207.92909598,9912786.01633073,3494.5,3529.0,3475.0,3482.6001,3878763.0,825.0,836.925,823.175,826.375,12090656.0
2021-10-27,1203.821034,1215.0784856,1189.27259352,1192.65432291,10061342.1247132,3483.0,3511.25,3483.0,3489.75,2510813.0,826.375,832.525,818.65,821.4,13249642.0
2021-10-28,1189.29529,1197.44332453,1175.90436975,1179.58124409,10051056.38650936,3518.0,3518.0,3415.0,3421.6499,2424942.0,825.0,825.0,793.575,796.8,17797750.0
2021-10-29,1178.46902603,1178.46902603,1135.59543015,1151.27869438,14470394.63176551,3400.05,3461.0,3385.95,3397.75,3960501.0,795.0,801.0,780.0,791.425,12406874.0
2021-11-01,1151.27869438,1160.243802,1132.14561134,1151.9822851,15739298.72370049,3437.95,3487.0,3412.95,3476.3999,2020718.0,792.5,805.5,791.775,802.65,8122320.0
2021-11-02,1155.2505775,1156.612366,1132.66758487,1135.1868936,10745395.4854223,3494.0,3513.6001,3469.75,3484.2,3087414.0,803.0,811.0,800.025,803.375,13237722.0
2021-11-03,1137.57002348,1143.90234,1117.1204995,1127.37935159,12189381.83131962,3504.2,3519.8999,3466.05,3492.25,1537639.0,802.55,804.95,787.775,790.725,10207338.0
2021-11-04,1131.62354703,1137.04795916,1130.284455,1134.30177647,1734101.88145957,3512.95,3513.25,3505.0,3508.6499,328991.0,797.5,798.925,795.05,796.975,1096808.0
2021-11-08,1143.62993691,1143.90234,1115.03237841,1135.70891253,20676353.92720676,3548.0,3548.0,3481.2,3502.75,2526082.0,796.05,802.35,785.225,800.125,18943580.0
2021-11-09,1137.0933975,1147.94226716,1128.94536298,1144.67402015,15944039.76829001,3508.0,3535.0,3496.0,3505.7,1782692.0,797.3,797.3,784.525,786.125,12695476.0
2021-11-10,1142.40437265,1161.151661,1136.48054728,1157.47478666,10424471.20092437,3498.0,3519.7,3480.2,3484.3,1516489.0,784.0,784.5,775.0,777.625,13714126.0
2021-11-11,1153.00362648,1166.82577975,1150.96094373,1159.58560423,10901300.75264992,3480.0,3510.05,3436.0,3488.2,1284514.0,775.025,777.45,767.8,774.15,7999404.0
2021-11-12,1163.37587016,1179.64928813,1160.6977315,1177.08463184,8857639.78767628,3506.0,3534.1499,3485.7,3526.05,1747259.0,775.0,779.525,772.525,776.5,14914092.0
2021-11-15,1180.2167,1181.2153449,1166.598815,1170.1394651,4883375.0615459,3528.0,3569.6001,3528.0,3553.3,1809157.0,781.05,785.925,777.2,778.625,9533594.0
2021-11-16,1167.52937048,1168.8684625,1132.5541025,1142.94904266,11526662.17992001,3569.0,3575.55,3542.0,3556.3999,2013204.0,777.5,778.6,770.8,774.0,8245406.0
2021-11-17,1134.34712402,1134.34712402,1117.1204995,1118.482288,10372172.33072537,3550.6001,3562.8501,3506.3999,3521.8999,1632914.0,768.45,772.0,764.25,765.4,7598878.0
2021-11-18,1116.66657,1129.8305255,1112.14997148,1122.70383235,8647477.19634877,3515.1499,3520.8501,3451.6001,3475.7,2136598.0,763.025,771.75,762.625,769.7,9152874.0
2021-11-22,1105.81770034,1111.6733455,1067.1882545,1072.97585562,24526636.84558946,3478.3999,3515.95,3440.3,3458.3999,3167936.0,773.0,776.35,749.525,757.675,15261272.0
2021-11-23,1059.04021998,1089.99821187,1048.1232155,1083.00774297,25749386.19323045,3445.0,3480.95,3407.8,3464.25,2153461.0,751.0,763.9,748.175,757.775,11235214.0
2021-11-24,1080.35221,1093.92465666,1063.80647973,1067.36978091,17100814.1132048,3472.2,3493.05,3424.0,3443.3,2161746.0,762.0,768.175,757.025,759.025,30802286.0
2021-11-25,1077.1747035,1135.731609,1069.97987553,1131.62354703,43109088.5258614,3443.8999,3463.0,3434.05,3445.8999,1849619.0,757.4,766.65,753.5,762.975,10251652.0
2021-11-26,1120.2072201,1124.65577459,1090.11169425,1095.15035709,16026026.06792464,3425.0,3490.0,3411.8999,3446.8501,1941251.0,750.0,753.35,742.5,744.95,18624936.0
2021-11-29,1107.17948884,1134.82375,1089.02230884,1108.26887425,24731036.42746286,3447.1499,3529.3501,3406.45,3502.0,2981745.0,747.4,753.825,731.0,750.625,12990996.0
2021-11-30,1120.298006,1123.88400366,1084.36953147,1091.88197391,32708847.95987042,3491.0,3563.75,3491.0,3529.1499,5588446.0,747.5,764.5,743.275,746.775,25221542.0
2021-12-01,1104.4104735,1123.021583,1100.82447584,1119.8440765,10273128.31618126,3535.0,3590.0,3535.0,3577.8,2102118.0,747.5,753.525,744.55,752.325,8677634.0
2021-12-02,1121.06968615,1133.0988179,1117.39290259,1127.03890447,12932554.5046092,3589.2,3648.0,3574.1001,3642.8999,3152938.0,752.25,764.4,750.0,762.875,11203110.0
2021-12-03,1134.09741741,1134.14285575,1089.4308,1093.17571837,19543061.20223515,3646.45,3665.95,3630.8501,3640.45,2486263.0,762.9,767.975,753.525,756.775,8124694.0
2021-12-06,1096.693672,1100.7790375,1069.97987553,1072.45388209,10504569.54218662,3640.45,3658.0,3522.0,3536.3999,1849642.0,756.5,759.4,748.675,751.9,7029532.0
2021-12-07,1078.60453603,1091.246518,1071.27362,1081.19202497,11422494.02164874,3562.5,3598.0,3524.3,3584.5,1484458.0,756.975,766.0,754.95,762.85,12427534.0
2021-12-08,1100.37054634,1103.8657581,1092.29055585,1097.64696934,8890008.25017982,3601.0,3646.45,3601.0,3626.8999,1428660.0,768.0,777.525,767.0,776.9,15295534.0
2021-12-09,1105.3183325,1123.43007416,1100.7790375,1115.05512027,13433914.29726422,3610.0,3634.75,3566.0,3601.75,1567957.0,772.6,777.35,761.0,763.425,11747744.0
2021-12-10,1107.70146238,1119.390147,1103.20760572,1116.18994403,8503910.84959228,3585.0,3642.0,3575.1001,3636.8,1510718.0,762.45,764.0,754.225,761.275,7779384.0
2021-12-13,1122.79461825,1123.06702134,1091.246518,1093.81117428,13116900.31161227,3650.0,3662.0,3601.7,3609.6499,1883864.0,763.0,768.825,753.6,755.575,10322142.0
2021-12-14,1080.35221,1092.154377,1077.35622991,1080.42025403,13208187.61503714,3605.0,3635.0,3576.7,3623.8,1747007.0,751.25,758.0,748.525,751.225,9191100.0
2021-12-15,1082.167928,1091.7004475,1071.77298784,1077.2654894,9523185.86917131,3620.0,3623.0,3558.1499,3570.3501,1603233.0,751.5,761.675,747.825,750.0,10115148.0
2021-12-16,1092.01819815,1096.46670725,1075.20006478,1091.20107966,9924071.90984503,3582.0,3608.45,3570.0,3581.6001,2072320.0,756.4,758.5,747.0,750.05,13210432.0
2021-12-17,1088.54563748,1093.062236,1053.11644,1062.39929827,21400876.12724002,3602.5,3651.3501,3573.7,3584.3501,4333992.0,748.5,753.0,733.85,736.525,14994768.0
2021-12-20,1052.14053697,1052.14053697,1020.02502484,1033.75639222,14564763.91157658,3589.0,3606.0,3510.1499,3556.8999,2312310.0,726.0,729.0,707.05,712.825,21156668.0
2021-12-21,1049.18999522,1064.918607,1040.4971999,1049.14455688,13050641.12378684,3582.6499,3641.2,3566.3999,3608.3,2340989.0,719.75,725.375,715.0,720.9,9118750.0
2021-12-22,1055.34064916,1076.67533566,1054.024299,1074.04263534,17953041.16608416,3624.0,3636.8,3606.25,3630.75,1224328.0,726.15,728.0,717.85,722.6,8577484.0
2021-12-23,1077.628633,1080.35221,1070.38845748,1073.65674988,9223705.44324614,3648.0,3670.5,3630.0,3662.7,1792861.0,726.625,728.9,718.425,722.05,9779166.0
2021-12-24,1075.812915,1085.799364,1061.08290273,1077.0839176,8018020.41947043,3685.0,3705.0,3644.8,3670.8999,2209923.0,722.75,726.0,714.0,719.45,5561024.0
2021-12-27,1071.97721073,1079.444351,1065.87190434,1075.92639738,4084220.12669368,3671.0,3700.0,3653.1001,3696.1001,1534135.0,714.45,727.0,711.075,725.4,4705098.0
2021-12-28,1078.35496559,1091.63240347,1077.19739998,1088.70446741,6480924.9013338,3710.0,3725.0,3693.8501,3706.55,1456218.0,730.35,733.45,726.7,730.4,5450678.0
2021-12-29,1085.3454345,1098.0554605,1081.30550734,1090.56562375,15682565.24416237,3692.25,3719.95,3685.0,3694.7,1456923.0,728.025,730.5,723.7,726.925,7668702.0
2021-12-30,1089.4308,1091.67775102,1064.73708059,1070.86512884,29822371.09507093,3681.3501,3740.0,3680.0,3733.75,1966475.0,729.25,733.425,722.5,730.75,7215918.0
2021-12-31,1077.1747035,1082.12248966,1071.27362,1074.97310003,9635346.45798522,3742.8,3760.0,3731.3,3738.3501,1207141.0,730.75,742.4,730.75,739.7,6325736.0
2022-01-03,1073.5432675,1093.03953952,1072.88506973,1091.17847397,5512029.95178767,3750.0,3830.0,3745.0,3817.75,2346158.0,742.5,761.5,740.25,759.825,9069184.0
2022-01-04,1096.64823366,1117.1204995,1091.246518,1115.80414934,11028639.90994196,3831.1001,3889.1499,3811.7,3884.75,2488606.0,760.0,766.45,753.9,764.275,8857352.0
2022-01-05,1117.574429,1124.3833715,1104.38777702,1121.02433859,11838001.27552847,3865.0,3870.0,3812.3999,3860.95,1733031.0,768.4,786.0,764.05,782.425,14332638.0
2022-01-06,1112.6719904,1113.942993,1093.5161655,1096.92063675,14688366.80585862,3812.0,3835.0,3772.0,3807.45,1810293.0,771.5,777.375,765.025,769.875,9628930.0
2022-01-07,1103.47991803,1115.78140748,1094.67368573,1105.772262,13330790.35400872,3820.0,3864.8999,3796.3999,3853.5,2460591.0,772.0,783.375,767.95,775.275,11179384.0
2022-01-10,1113.035134,1115.3047815,1096.71636848,1106.680121,9400942.21679798,3978.0,3978.0,3861.0,3879.8501,3937092.0,779.0,786.0,772.75,779.575,8856496.0
2022-01-11,1105.772262,1123.45281603,1105.3183325,1114.64658373,16475424.04712626,3856.0,3925.0,3856.0,3915.8999,1906106.0,780.775,784.35,773.9,782.95,8389198.0
2022-01-12,1121.79597335,1146.14929103,1118.9362175,1144.40170784,15047274.96230141,3925.0,3929.0,3836.55,3859.8999,3203744.0,784.0,788.325,776.0,778.325,21085530.0
2022-01-13,1144.46975188,1153.4348595,1138.63671241,1150.84746135,12054451.18680324,3918.0,3923.0,3857.0,3897.8999,6684507.0,777.5,777.5,760.2,764.0,41963896.0
2022-01-14,1150.7112825,1165.37320535,1146.55787297,1152.5270005,20262558.39287819,3877.8501,3977.0,3860.05,3968.1499,3348123.0,765.0,774.35,759.5,772.575,11208968.0
2022-01-17,1152.073071,1164.3291675,1151.6191415,1158.54156638,8170480.21774306,3992.7,4043.0,3962.3,4019.1499,3442604.0,765.0,778.0,759.575,760.75,22989372.0
2022-01-18,1159.67639013,1163.12629972,1141.97313963,1144.7194131,6318679.44251255,4033.95,4041.7,3980.0,3990.6001,2389041.0,766.5,775.45,761.5,764.625,12341152.0
2022-01-19,1148.441635,1153.888789,1138.9091155,1144.62867259,9918181.12724553,4012.0,4012.0,3910.5,3914.6499,3102539.0,767.0,769.875,756.675,759.225,14317626.0
2022-01-20,1134.84644648,1139.34034852,1114.3969225,1124.58763977,16769571.04572406,3910.0,3920.0,3811.0,3826.55,6176776.0,764.225,764.25,750.05,754.5,15197846.0
2022-01-21,1113.035134,1135.84509138,1113.035134,1124.76925697,13561046.37394133,3807.0,3851.55,3771.1001,3833.5,3112358.0,750.0,764.9,742.8,760.8,11537694.0
2022-01-24,1123.4755125,1136.97991513,1069.04941084,1079.39891266,22233653.02321176,3840.0,3849.6499,3740.1001,3771.3501,3258414.0,754.975,760.625,733.775,743.325,11868508.0
2022-01-25,1066.53005673,1084.27865478,1046.3074975,1077.28818588,24918970.89746316,3769.5,3809.3999,3722.2,3769.8999,3330501.0,729.325,747.5,722.0,744.025,13594248.0
2022-01-27,1060.379312,1069.50334034,1049.05377098,1061.33260934,20354319.33813511,3731.0,3733.3999,3625.1001,3649.25,5718297.0,725.0,742.5,717.5,737.475,28617838.0
2022-01-28,1073.5432675,1078.49105366,1056.92940241,1060.31126797,14912346.5207703,3646.0,3729.8,3646.0,3690.05,3143862.0,738.75,743.35,730.0,731.625,24925208.0
2022-01-31,1071.3644059,1092.33590341,1069.5486879,1083.34819009,12346207.94638815,3749.0,3758.0,3721.3999,3736.25,2739393.0,736.375,745.775,733.4,742.85,12842546.0
2022-02-01,1093.062236,1098.78179309,1065.41797484,1079.76210165,13420658.93492271,3770.0,3808.0,3736.3999,3800.6499,2105169.0,754.25,758.5,736.725,748.5,14739484.0
2022-02-02,1092.6083065,1092.6083065,1078.12800084,1081.96365973,10184759.96823295,3827.8999,3864.0,3800.6499,3856.2,1984212.0,755.975,767.5,752.8,765.6,13969290.0
2022-02-03,1085.799364,1090.08899777,1065.4633224,1067.98263112,9732489.29624534,3851.0,3882.5,3816.05,3824.6001,1960538.0,764.375,769.975,754.5,757.675,10564762.0
2022-02-04,1062.6489595,1066.03073428,1053.61580784,1058.24584335,11245713.26604682,3815.3,3824.7,3769.0,3814.8999,2307366.0,764.2,766.425,757.05,762.0,11579958.0
2022-02-07,1063.102889,1069.8210456,1046.3074975,1051.80008984,10893156.31612398,3791.0,3831.8,3756.1499,3779.0,1919149.0,756.05,759.5,730.0,734.075,12268042.0
2022-02-08,1057.95074378,1071.27362,1048.577145,1069.48059848,12261992.225665,3791.55,3799.7,3721.0,3743.45,2946443.0,738.2,739.225,722.275,730.925,13981130.0
2022-02-09,1076.33488853,1083.6205024,1070.365761,1081.94096325,11677784.76613659,3750.0,3777.95,3746.1001,3760.55,1638721.0,737.0,749.85,733.5,748.8,11308342.0
2022-02-10,1087.47890315,1087.47890315,1073.58870584,1080.82883598,12672366.5238765,3789.8,3789.8,3758.0,3770.3501,2112459.0,757.0,767.75,750.825,762.55,14314530.0
2022-02-11,1077.28818588,1082.39489275,1064.05618634,1078.71801841,16209263.77333925,3752.5,3752.5,3690.0,3694.95,3851488.0,750.125,762.5,749.75,759.425,10711104.0
2022-02-14,1062.30851238,1068.98127603,1049.9389335,1061.53683223,10898408.23299653,3724.0,3793.25,3710.0,3733.75,5951745.0,745.0,749.725,734.65,736.85,14656620.0
2022-02-15,1067.2790404,1100.27966966,1060.24313315,1097.57883452,11399668.89131462,3786.0,3835.0,3748.0,3817.8,3931683.0,738.0,762.45,736.525,758.9,13135066.0
2022-02-16,1103.048685,1104.4104735,1087.59238552,1095.30918702,10566165.01020533,3844.0,3854.1001,3806.0,3813.1001,3256906.0,767.175,767.375,753.5,757.875,10032264.0
2022-02-17,1098.55482834,1114.35148416,1093.970095,1109.17673325,13067610.7192857,3825.0,3835.0,3779.0,3784.2,3134372.0,756.55,761.0,751.0,753.25,7351208.0
2022-02-18,1109.58522441,1115.03237841,1098.57743403,1100.50663441,6888455.14556776,3769.0,3815.95,3757.6001,3793.8999,3688883.0,749.15,758.5,745.225,756.175,7796128.0
2022-02-21,1094.877954,1106.45315625,1082.44033109,1089.38536166,11292431.97456874,3810.0,3827.8,3705.55,3719.3999,7465922.0,752.0,765.35,747.775,761.05,7468066.0
2022-02-22,1068.05067516,1087.56964366,1065.44058053,1084.4375755,13719974.13695299,3650.0,3667.8999,3570.0,3586.3999,5408531.0,744.9,761.05,743.975,755.35,9536196.0
2022-02-23,1089.93016784,1092.40403823,1074.905056,1077.65132948,7432024.13590657,3611.0,3622.8999,3555.6499,3563.8,2426203.0,762.55,762.85,747.825,750.45,9029562.0
2022-02-24,1046.3074975,1062.14959166,1018.34539491,1023.95146963,25261026.21662615,3474.0,3483.8501,3391.1001,3401.6499,5039136.0,724.95,737.475,703.575,709.7,23630766.0
2022-02-25,1035.00469834,1047.64658952,1033.25702437,1036.75228153,14813080.00471439,3468.0,3530.0,3462.0,3520.75,2549723.0,719.975,732.95,716.425,728.05,18318654.0
2022-02-28,1018.1638685,1074.61004722,1018.1638685,1071.06935173,21652631.08037702,3490.0,3563.75,3455.8999,3554.2,3288942.0,713.0,719.275,707.025,713.125,24880832.0
2022-03-02,1059.67572127,1089.8847295,1057.2925914,1088.77260223,21829878.86885518,3552.5,3571.95,3506.0,3546.1499,2761341.0,693.25,699.2,677.2,687.125,38505560.0
2022-03-03,1089.4308,1096.17169847,1075.83561148,1079.58052985,10356636.87863424,3562.8501,3578.6001,3530.1001,3544.3999,1928039.0,690.5,696.0,681.45,685.5,17527922.0
2022-03-04,1068.0961135,1073.22551685,1053.27536072,1055.63574873,10985877.76295658,3501.5,3561.2,3487.05,3524.3501,2370257.0,680.0,693.0,668.45,683.25,21219364.0
2022-03-07,1034.36915165,1049.53044234,1008.631349,1016.59781173,18283224.59765228,3450.0,3548.0,3431.55,3484.8999,3054130.0,659.25,666.175,648.525,662.4,27054458.0
2022-03-08,1003.86508925,1019.525657,989.56631,1014.75939725,21644424.96026366,3460.0,3609.0,3460.0,3599.95,3300992.0,651.1,667.0,646.0,663.9,39212492.0
2022-03-09,1014.986362,1074.4511265,1014.14654703,1068.59548134,20754683.27130094,3605.0,3654.0,3597.05,3632.6001,2719654.0,665.0,687.35,659.425,685.575,23134694.0
2022-03-10,1089.4308,1091.7004475,1071.27362,1085.91284638,18280360.71680735,3684.0,3684.0,3615.0,3620.95,2005441.0,713.5,713.5,690.125,696.35,22273206.0
2022-03-11,1078.55918848,1094.4240245,1078.55918848,1089.04491453,12461844.84595075,3603.25,3639.8501,3592.8501,3599.1499,1623423.0,694.0,704.475,686.35,698.4,15150780.0
2022-03-14,1083.48427816,1100.50663441,1077.628633,1097.98741647,8479779.34899583,3580.0,3648.3501,3580.0,3643.0,1765688.0,707.5,725.0,707.5,721.275,25018126.0
2022-03-15,1102.11812952,1102.11812952,1062.58091547,1072.83967677,16191368.92402895,3659.0,3659.0,3585.3999,3593.8999,3651133.0,721.75,724.75,705.875,712.0,18867928.0
2022-03-16,1081.260069,1093.01679766,1079.03585984,1090.95150922,11335777.91264943,3640.5,3668.0,3616.25,3655.8999,3090475.0,723.5,727.5,718.1,724.075,13364108.0
2022-03-17,1104.29699113,1133.64348791,1096.28518084,1126.51684015,21779362.21373583,3696.6001,3710.0,3660.3,3672.75,3600452.0,736.0,744.9,735.275,740.025,14823954.0
2022-03-21,1109.403698,1127.560878,1107.1340505,1120.02560291,12199586.05906864,3696.0,3713.95,3615.0,3626.7,2413831.0,743.5,746.825,736.4,743.25,12257876.0
2022-03-22,1116.71200834,1150.68858603,1113.76146659,1148.96360853,22933257.25690884,3640.0,3711.0,3625.0,3700.95,2907611.0,740.65,749.0,728.6,747.075,10461814.0
2022-03-23,1145.2641285,1164.26112347,1145.2641285,1152.6177864,15720055.6474078,3708.0,3729.8,3690.0,3712.3999,1596195.0,753.5,759.4,736.8,739.625,31188256.0
2022-03-24,1139.363045,1173.02187203,1139.363045,1170.52525978,13387878.51417456,3700.0,3758.2,3695.0,3749.8501,1879046.0,733.0,734.825,717.275,721.325,20160044.0
2022-03-25,1172.27293375,1187.479572,1169.7763215,1178.33293797,14459681.51442019,3759.8999,3779.5,3672.0,3707.45,1690133.0,725.5,726.0,709.5,715.45,16366462.0
2022-03-28,1184.755995,1193.72110263,1174.08865175,1190.18045253,10056387.61085146,3695.0,3713.0,3661.2,3707.7,1760990.0,715.45,719.0,700.8,716.4,15754886.0
2022-03-29,1197.466021,1197.466021,1183.57573291,1190.45281023,8828893.03294895,3694.75,3722.0,3691.0,3705.3501,2689063.0,720.5,730.125,715.0,725.9,12377448.0
2022-03-30,1198.32844166,1220.162496,1187.97893984,1213.33085703,16075245.16472272,3738.0,3738.0,3706.2,3731.55,1583455.0,736.0,741.375,727.025,738.475,20109742.0
2022-03-31,1209.69942103,1211.85558615,1193.19912909,1195.99075013,13444255.1100997,3740.0,3754.6499,3720.2,3739.95,2168110.0,735.5,742.35,732.95,735.175,14295714.0
2022-04-01,1196.558162,1209.79016153,1190.203149,1205.56870797,8055012.9480459,3748.0,3763.0,3728.05,3758.75,1387014.0,738.2,755.0,735.15,753.0,14568556.0
2022-04-04,1205.38709078,1214.2614125,1199.12281828,1209.13200915,8061399.4023301,3762.0,3780.0,3737.1001,3770.3501,1472994.0,790.0,861.05,781.275,828.4,97450970.0
2022-04-05,1203.41254284,1211.94632666,1189.61304065,1192.04156348,13369175.16927188,3772.0,3835.6001,3772.0,3814.8,2314947.0,833.35,833.35,801.0,804.125,30922582.0
2022-04-06,1174.36105484,1195.87726775,1174.36105484,1188.86405698,12461633.35936528,3809.3,3809.3,3731.1499,3755.3501,2051729.0,793.85,794.9,773.675,775.425,27027860.0
2022-04-07,1177.99249084,1182.940277,1165.2370265,1167.89255947,15754939.91908435,3745.5,3745.5,3679.0,3684.1499,2494829.0,770.65,770.675,756.85,758.375,40781732.0
2022-04-08,1162.05952,1191.5649375,1162.05952,1187.32065128,15405198.38433061,3690.0,3705.0,3642.5,3685.6499,2296773.0,756.05,762.875,748.65,757.325,41256322.0
2022-04-11,1180.2167,1197.71568223,1172.4998985,1184.8467809,9408544.71894865,3690.0,3712.3501,3656.1001,3696.3999,2291660.0,753.0,755.0,746.625,748.075,20799066.0
2022-04-12,1174.3156165,1181.39696209,1159.97139891,1162.53614598,13438179.27673791,3683.0,3739.0,3648.3501,3691.1001,4483476.0,742.0,753.425,740.075,746.75,27435402.0
2022-04-13,1168.64149775,1176.85766709,1155.47754225,1158.26916328,10526916.62471816,3707.0,3709.8501,3655.55,3661.95,1621672.0,745.0,751.15,731.325,732.475,28892520.0
2022-04-18,1149.8034235,1161.9687341,1144.7194131,1154.72860397,10140568.08381037,3610.0,3610.0,3522.5,3528.05,3820792.0,709.425,715.825,695.025,697.725,45620376.0
2022-04-19,1161.151661,1211.083906,1157.99685098,1198.7370236,26577796.77240629,3550.0,3563.55,3439.1499,3471.8999,3170014.0,690.45,694.775,663.5,671.1,74096022.0
2022-04-20,1206.13611984,1241.043253,1202.50468384,1233.98464927,25490379.01259998,3500.0,3569.1499,3480.0,3556.8,2640370.0,677.225,679.95,667.675,677.15,49325736.0
2022-04-21,1248.71461616,1266.0093755,1240.135394,1262.87730734,22070676.17328242,3580.0,3644.0,3567.3999,3628.6499,2280996.0,682.5,689.9,676.65,687.175,52446270.0
2022-04-22,1252.34605216,1271.910459,1245.6733339,1252.3007046,15305218.10104873,3581.1001,3617.0,3571.5,3612.55,1581465.0,680.0,687.675,674.575,677.8,20659148.0
2022-04-25,1244.85621541,1252.11908741,1209.10926728,1223.3400025,17347784.1823455,3558.0,3584.0,3533.1001,3548.2,1960694.0,675.0,685.325,661.125,682.875,20935488.0
2022-04-26,1230.148945,1268.7329525,1229.10490715,1259.94937128,12431591.24930193,3575.1499,3587.8999,3518.1499,3546.3,1943469.0,686.0,690.975,678.575,686.025,17016842.0
2022-04-27,1250.96165797,1283.712626,1250.59846898,1261.17507172,19661467.25427627,3546.0,3568.45,3506.3,3561.2,1727648.0,680.0,689.5,678.05,686.275,18054334.0
2022-04-28,1275.51919852,1294.1530045,1264.69302534,1280.01314597,26041250.89909336,3588.0,3604.3999,3538.05,3584.3,1703660.0,686.0,689.5,681.05,685.675,20773722.0
2022-04-29,1296.49069603,1296.49069603,1260.69840035,1266.57678737,18518637.80609103,3597.0,3623.25,3536.8501,3546.7,2051115.0,690.175,702.375,685.775,692.3,28401476.0
2022-05-02,1253.753279,1273.49921225,1251.96025748,1262.12827828,9624891.08991595,3519.8999,3547.95,3492.75,3542.3999,1324161.0,681.025,703.225,681.025,701.85,19494316.0
2022-05-04,1264.1936575,1266.463305,1214.85152085,1222.72715228,19568659.89101832,3538.5,3545.45,3465.3,3479.75,2305825.0,700.0,701.8,675.0,678.0,29055916.0
2022-05-05,1236.27699325,1239.227535,1194.742444,1198.78237116,17497697.32965141,3512.1001,3533.0,3485.3501,3513.3999,1612262.0,687.5,687.5,673.25,676.475,17862912.0
2022-05-06,1185.7546399,1206.9985405,1177.28885473,1189.59029878,19977657.323439,3459.0,3474.5,3424.5,3432.6001,2010812.0,665.0,667.5,656.5,658.8,26731268.0
2022-05-09,1168.84576602,1178.90034984,1138.0012565,1143.13065985,18385341.77664153,3398.0,3456.0,3346.8501,3445.1001,2481830.0,650.0,663.25,647.75,659.925,32762434.0
2022-05-10,1132.5541025,1146.89832009,1115.758711,1123.31659178,19837080.42768756,3434.0,3464.8,3422.0,3438.75,1622685.0,657.525,676.5,657.525,670.525,20113812.0
2022-05-11,1122.40873278,1127.99211103,1099.39455252,1111.80952435,16921475.69170984,3435.0,3448.45,3382.1499,3412.0,1841769.0,676.5,677.5,664.325,674.3,17102924.0
2022-05-12,1101.91386125,1105.25028847,1075.812915,1089.15839691,20832045.50486364,3378.0,3449.7,3350.1001,3408.6499,2807195.0,660.55,663.4,646.5,651.525,22382290.0
2022-05-13,1101.232967,1124.837301,1096.39866322,1101.50537009,19630797.2934123,3435.0,3439.8999,3382.1499,3414.8999,2187823.0,655.025,659.0,643.5,645.675,16768238.0
2022-05-16,1105.06867127,1126.1990895,1096.98868078,1101.7776824,13662020.20357787,3415.0,3430.0,3366.6001,3376.8,1195813.0,649.5,656.0,642.65,652.55,9804356.0
2022-05-17,1105.36377084,1152.93549166,1103.956544,1148.05574953,16827868.64480057,3370.0,3467.0,3350.3999,3451.6001,1754076.0,656.3,658.5,649.1,657.0,16641444.0
2022-05-18,1152.82200928,1166.598815,1138.56866838,1152.23199172,17564919.22203778,3465.0,3495.0,3443.05,3448.8,1866781.0,662.025,666.65,655.0,656.95,15732384.0
2022-05-19,1127.560878,1140.49786875,1119.41284348,1125.67711597,14944261.16830918,3397.0,3405.0,3230.0,3261.95,4642963.0,643.1,648.2,639.15,643.525,20537506.0
2022-05-20,1140.49786875,1200.37112441,1135.731609,1191.31527627,22156541.9299693,3310.0,3313.8999,3270.05,3293.0,3065125.0,651.5,662.1,646.175,660.475,13919350.0
2022-05-23,1194.51547925,1204.52462473,1177.0391935,1183.34876816,15507130.51255757,3304.8,3338.8999,3267.0,3321.75,2293690.0,657.0,664.975,649.55,652.0,19486320.0
2022-05-24,1183.3942065,1197.466021,1179.17266215,1187.41152797,13753426.46820707,3315.1499,3324.8501,3275.6001,3288.0,1711510.0,650.0,662.5,648.45,659.475,12870796.0
2022-05-25,1196.1042325,1205.95450265,1180.89759425,1185.663854,12926588.82051067,3292.8501,3292.8501,3154.05,3167.6499,3548046.0,665.0,667.975,661.6,664.4,12887112.0
2022-05-26,1191.29253441,1196.05879416,1156.612366,1174.36105484,18180248.25440955,3191.0,3241.5,3180.55,3226.95,2813186.0,671.075,685.5,670.0,683.35,26992428.0
2022-05-27,1177.06188998,1182.55439153,1153.02636834,1168.91390084,16797515.91381481,3253.2,3278.8999,3229.2,3261.3,3103153.0,685.9,697.35,685.375,696.025,24031718.0
2022-05-30,1187.0256425,1213.807483,1177.5839089,1209.6313316,14084436.01924969,3297.0,3386.6001,3286.3501,3375.25,2094624.0,705.125,710.25,699.225,700.775,12624674.0
2022-05-31,1199.00933591,1215.9863446,1187.34339315,1195.03745278,71798418.03628096,3354.1499,3383.3999,3325.0,3364.3501,4840965.0,697.95,702.4,690.0,694.475,13485388.0
2022-06-01,1195.78648185,1205.2736084,1187.5703579,1195.42333825,9940043.5530187,3388.0,3388.0,3340.05,3355.2,1493835.0,690.0,700.225,689.575,697.425,12091896.0
2022-06-02,1195.650303,1240.33966228,1195.650303,1236.64013685,22495581.36230406,3355.0,3432.0,3346.3,3423.0,2657939.0,693.625,694.0,689.3,692.55,11475020.0
2022-06-03,1245.582548,1278.87832222,1244.674689,1261.69704525,24339043.83830529,3459.3999,3477.3,3431.2,3440.1499,1913622.0,699.15,700.375,688.15,690.15,6957244.0
2022-06-06,1261.92401,1277.357613,1249.1231981,1256.27258773,11278156.63004938,3418.0,3453.0,3377.1499,3430.95,1084210.0,688.15,693.5,680.325,689.225,6173266.0
2022-06-07,1257.33927666,1266.96267284,1249.23668048,1258.63302113,12564358.56228776,3401.05,3418.8501,3356.0,3362.7,2308256.0,681.0,687.15,677.05,681.3,10253966.0
2022-06-08,1258.63302113,1262.3779395,1233.00870085,1236.52665448,12687371.05651869,3380.1499,3413.95,3346.5,3404.1499,2185707.0,686.65,690.5,678.5,683.7,5986588.0
2022-06-09,1230.148945,1272.3643885,1230.148945,1270.43518813,17566461.31172352,3385.0,3437.0,3353.1001,3427.1001,1279197.0,681.125,691.025,678.575,688.85,7311816.0
2022-06-10,1258.24713566,1266.41786666,1226.29054425,1232.07814537,18394801.39537087,3382.0,3393.0,3352.0,3359.8999,1527582.0,680.05,683.975,671.8,675.55,9155430.0
2022-06-13,1202.913175,1213.2627676,1187.61575085,1208.76882016,17914671.77171785,3290.0,3293.0,3192.45,3219.6001,3030921.0,661.8,665.0,654.15,663.3,10892572.0
2022-06-14,1202.93587148,1212.83157997,1186.32205177,1192.97216434,14959708.50098969,3190.0,3238.8999,3174.7,3210.55,2611493.0,655.625,663.0,652.5,656.0,11870356.0
2022-06-15,1188.18316273,1197.14827035,1173.13535441,1178.53716085,11382247.68383637,3218.5,3234.0,3201.0,3206.3,1404536.0,650.825,657.9,649.2,653.725,11810470.0
2022-06-16,1190.6570785,1207.02123698,1159.335943,1162.05952,17396849.070175,3240.0,3244.8501,3133.05,3142.0,2032028.0,655.0,660.275,639.0,640.65,12169192.0
2022-06-17,1162.05952,1191.49689347,1160.28924034,1175.677405,24865068.25399098,3092.0,3118.75,3023.8501,3088.8999,5240434.0,637.5,649.5,635.8,644.875,14723922.0
2022-06-20,1182.4863475,1187.97893984,1144.40170784,1154.36541498,12268039.42021834,3094.0,3138.75,3069.0,3112.3999,1502769.0,652.35,662.5,647.075,661.075,15936840.0
2022-06-21,1162.05952,1177.22071991,1147.66995485,1172.99926634,11915508.90611868,3130.0,3237.75,3125.3999,3211.95,2964461.0,668.45,677.0,662.025,668.275,13220684.0
2022-06-22,1161.19709934,1161.28783985,1135.2776795,1137.36580059,10794273.11950424,3199.8999,3250.55,3183.0,3222.95,3336315.0,666.125,668.475,661.6,665.125,8159698.0
2022-06-23,1141.65538898,1146.1719875,1109.8576275,1118.91352103,19770636.18909985,3222.95,3318.0,3222.95,3308.8,3692578.0,665.25,674.0,659.25,667.575,15372244.0
2022-06-24,1125.74516,1139.8169745,1120.298006,1134.84644648,14477723.96374327,3339.0,3345.0,3277.5,3293.1001,2132118.0,669.275,680.825,669.275,676.9,8013432.0
2022-06-27,1155.22788103,1155.22788103,1126.44875073,1131.48732278,15732603.85147914,3350.0,3362.8999,3306.5,3314.7,2037686.0,685.0,688.0,676.0,678.125,9804164.0
2022-06-28,1126.69845734,1150.23465653,1126.69845734,1147.39759715,13799206.70500595,3307.0,3330.0,3272.6001,3318.1499,1400046.0,672.0,675.5,669.2,672.95,9770574.0
2022-06-29,1138.0920424,1178.8549115,1135.2776795,1171.20615403,19525437.32011248,3271.0,3333.0,3271.0,3290.5,2133994.0,665.625,675.375,665.625,671.975,9994046.0
2022-06-30,1171.13811,1187.43413366,1164.783097,1178.24206128,23498422.11180371,3272.0,3310.8999,3255.0,3267.1001,2719603.0,668.0,677.0,668.0,674.0,12475822.0
2022-07-01,1168.82302416,1176.585264,1073.5432675,1093.37998665,83364643.62858109,3260.0,3333.0,3252.05,3315.1001,1502879.0,671.975,680.0,665.025,676.875,11472452.0
2022-07-04,1079.87558402,1108.495839,1074.04263534,1095.64963415,42555804.37050247,3312.0,3317.95,3225.05,3235.05,2622535.0,676.85,680.1,671.125,677.825,8487480.0
2022-07-05,1099.8711785,1118.89077916,1097.19303984,1104.52395588,17941638.5143508,3255.0,3272.0,3206.95,3216.3,2170627.0,682.0,689.675,674.15,676.3,14325718.0
2022-07-06,1098.55482834,1108.47314253,1083.983646,1094.80990997,24343044.45954713,3218.5,3268.5,3202.25,3260.75,2182144.0,674.0,686.7,673.55,685.625,15049078.0
2022-07-07,1101.18752866,1104.52395588,1078.0825625,1084.02908434,23689632.42089355,3271.0,3319.3999,3265.05,3287.8501,1989921.0,690.0,699.0,687.225,697.9,17743142.0
2022-07-08,1097.601531,1097.601531,1081.50973023,1085.52696091,19327146.61637986,3300.0,3305.0,3250.0,3265.45,2136916.0,705.0,705.0,697.375,698.55,12474030.0
2022-07-11,1078.76345675,1102.5039696,1075.812915,1100.27966966,14078406.44857847,3206.1499,3225.0,3106.0,3113.8,6974600.0,697.0,704.95,696.625,703.075,7462880.0
2022-07-12,1091.246518,1107.45180115,1091.246518,1098.71365828,10958754.6083698,3114.8999,3136.2,3080.25,3084.7,3734815.0,702.625,702.625,694.7,695.9,9876974.0
2022-07-13,1101.82307535,1104.864403,1077.1747035,1079.24008273,14461353.58023658,3104.0,3110.0,3035.0,3038.75,3863530.0,695.0,697.1,677.125,678.925,15945610.0
2022-07-14,1083.983646,1104.84170652,1078.96772502,1088.13705553,17253335.59506487,3056.0,3057.0,2967.0,2998.75,4764908.0,681.0,686.325,674.625,675.525,10372410.0
2022-07-15,1096.2397425,1096.2397425,1081.75943684,1090.2478731,9763366.33772425,3018.55,3028.8999,2953.0,2994.6001,4574806.0,676.5,682.45,673.4,681.025,13595646.0
2022-07-18,1098.9633195,1100.7790375,1085.93554285,1099.53073138,15413752.5761159,3023.0,3076.95,3014.3,3063.5,3202795.0,674.0,683.05,671.025,673.775,20332220.0
2022-07-19,1089.56697885,1110.7654865,1089.56697885,1106.27162984,16714062.42599346,3030.05,3078.95,3030.05,3074.25,1865074.0,668.5,679.275,668.5,674.025,15792538.0
2022-07-20,1152.98093,1154.11575375,1128.58221938,1136.1855385,24323239.62201179,3107.8,3171.95,3098.05,3164.8,3402251.0,679.95,685.55,677.625,682.525,20347862.0
2022-07-21,1132.100173,1134.82375,1119.98025535,1128.60491585,16798793.6452687,3167.0,3184.0,3144.05,3177.3,2420640.0,680.275,684.75,679.05,680.375,12640278.0
2022-07-22,1134.82375,1142.22280085,1132.5541025,1136.23097684,11152945.55652365,3185.0,3197.0,3143.5,3171.0,2075886.0,683.0,698.5,681.2,696.25,12729592.0
2022-07-25,1120.04834477,1120.04834477,1090.7925885,1098.69091641,23495873.25785172,3165.0,3186.45,3149.1001,3166.75,1797504.0,697.5,702.3,691.65,698.3,10143126.0
2022-07-26,1099.00875784,1109.35825966,1094.58294522,1099.19028425,11491797.73511085,3164.7,3168.8999,3096.5,3115.8999,2639367.0,698.0,701.0,693.15,696.875,8527964.0
2022-07-27,1098.48669353,1101.6868965,1090.338659,1098.1462464,8799430.30801038,3115.0,3194.1001,3110.0,3188.8501,1389808.0,694.45,703.0,692.125,702.2,9212778.0
2022-07-28,1105.772262,1120.27530952,1098.9633195,1115.35021984,12704475.03411873,3216.0,3264.0,3201.6499,3260.5,2106333.0,707.525,712.0,705.5,708.425,17420406.0
2022-07-29,1123.33933365,1142.58598984,1118.482288,1139.11338377,15383023.13464976,3290.0,3317.3,3275.0,3301.8999,2430257.0,719.0,719.3,707.65,717.1,20019736.0
2022-08-01,1143.51645453,1174.65606363,1138.27365959,1168.80041847,15961879.54296868,3327.0,3327.0,3271.0,3298.8,1306913.0,719.5,724.225,715.025,723.075,13193036.0
2022-08-02,1167.73363875,1183.7573501,1162.76311073,1173.24883678,14150027.70253971,3290.0,3312.8999,3271.6499,3291.8,1269114.0,721.0,722.3,711.525,715.125,15036510.0
2022-08-03,1180.2167,1184.755995,1165.44129478,1183.09919772,14488646.36468879,3280.0,3349.0,3277.05,3339.5,2895824.0,712.475,717.875,708.5,716.8,10975498.0
2022-08-04,1184.755995,1188.27394863,1150.7112825,1167.46123566,14708400.75386156,3350.0,3387.8999,3307.3501,3354.95,2150567.0,720.0,723.35,706.475,715.95,12012206.0
2022-08-05,1169.322392,1170.5933946,1147.05715002,1150.257353,14174961.08977275,3361.2,3377.0,3355.0,3365.05,1106933.0,716.5,718.475,710.575,713.525,9268982.0
2022-08-08,1148.8955645,1172.74955973,1148.8955645,1165.30507053,10334706.16031785,3365.0,3378.8999,3336.0,3374.45,1068836.0,714.0,732.25,713.55,731.025,15357736.0
2022-08-10,1169.73088316,1175.63196666,1160.72042798,1172.27293375,10903547.79762056,3385.0,3385.0,3335.0,3354.25,1878359.0,730.675,735.75,724.525,733.15,17353102.0
2022-08-11,1181.62392684,1184.71055666,1171.2288959,1176.17677284,8334950.6916823,3400.0,3428.7,3375.05,3422.5,1449248.0,743.25,745.5,737.275,742.85,18301766.0
2022-08-12,1175.81358385,1198.98673022,1172.1367549,1195.1963735,12861565.5074191,3419.0,3419.0,3381.25,3401.55,1472354.0,742.5,744.65,737.975,742.575,8850370.0
2022-08-16,1201.1882429,1206.22686035,1192.60897535,1203.50328335,6717571.78152114,3411.0,3414.8501,3387.5,3392.7,839942.0,747.4,754.25,744.025,751.075,12563756.0
2022-08-17,1209.7221175,1215.12383316,1205.43248373,1209.79016153,6705968.65812863,3385.1001,3417.95,3371.1001,3401.1001,1622326.0,750.0,756.375,742.875,754.95,12384350.0
2022-08-18,1207.45247,1211.5378355,1198.4646659,1208.04257835,7533614.8014174,3390.0,3392.0,3362.0,3381.25,1430659.0,750.0,756.95,749.825,755.85,8342138.0
2022-08-19,1202.913175,1208.22415015,1182.46365103,1186.50366897,9618504.63563175,3387.0,3421.5,3371.25,3385.75,1398410.0,755.0,756.0,745.0,746.525,8063702.0
2022-08-22,1187.9335015,1194.42469335,1173.861687,1183.21268009,9629642.92913327,3365.0,3384.1001,3347.3999,3354.55,1536532.0,742.4,744.175,733.85,735.175,8234066.0
2022-08-23,1177.493123,1204.3657494,1176.29025522,1201.4606006,9839895.84285665,3319.95,3341.8999,3270.0,3284.6001,1849256.0,726.65,737.975,725.2,732.9,14966884.0
2022-08-24,1198.41931834,1211.991765,1196.26315322,1198.26039763,10542560.02308729,3292.0,3308.0,3250.2,3255.3501,1691923.0,730.95,737.75,729.6,736.425,13455520.0
2022-08-25,1202.43654903,1208.76882016,1190.47555209,1194.76514048,8003229.57639898,3276.0,3278.1499,3214.75,3218.2,1946930.0,739.95,743.4,728.5,732.425,11823040.0
2022-08-26,1195.1963735,1202.913175,1183.3942065,1188.387431,10921187.10064008,3234.3,3257.0,3216.8,3222.2,1457962.0,736.025,740.9,730.6,732.55,7706176.0
2022-08-29,1173.4077575,1205.1828225,1170.25294748,1179.14992028,20169836.94604559,3125.0,3142.7,3081.0,3132.55,2539173.0,718.5,723.0,714.3,719.7,8653178.0
2022-08-30,1186.571713,1200.75700988,1169.59479509,1197.44332453,23524952.66335411,3155.0,3226.5,3142.1001,3211.1499,3431525.0,723.225,744.975,721.55,743.05,10135400.0
2022-09-01,1172.34097778,1182.46365103,1157.83797565,1162.24104641,20241984.71348524,3190.0,3190.0,3121.0,3131.7,3546935.0,732.375,744.725,729.5,736.075,22403136.0
2022-09-02,1162.24104641,1169.02738322,1146.48973815,1148.66859975,13216140.39184499,3163.0,3163.0,3120.3,3130.3999,2052900.0,736.075,745.25,732.6,742.75,12038086.0
2022-09-05,1148.8955645,1171.81900425,1148.8955645,1166.5080291,11516733.32532915,3123.6499,3147.95,3112.25,3133.3999,2147912.0,743.05,749.5,742.05,747.525,12131932.0
2022-09-06,1167.9606035,1182.940277,1167.506674,1178.78686747,11081394.79809089,3135.5,3140.8501,3106.3501,3127.05,1936453.0,749.45,753.325,743.225,744.675,12238696.0
2022-09-07,1168.8684625,1177.90161416,1166.598815,1171.93248663,7613389.30384564,3102.0,3161.8999,3102.0,3149.6001,1291534.0,735.65,745.0,735.65,741.15,9776206.0
2022-09-08,1174.88302837,1179.308841,1167.0527445,1173.58928391,7174770.5315473,3170.0,3183.5,3160.1001,3169.6499,1346113.0,745.05,750.0,741.075,748.8,11164690.0
2022-09-09,1184.755995,1184.755995,1163.875238,1166.28106435,8453519.76463305,3195.0,3233.5,3168.5,3217.6499,1561185.0,748.1,754.5,747.025,749.3,15128888.0
2022-09-12,1166.84847623,1185.663854,1166.84847623,1179.33153748,7559422.77380078,3239.8999,3269.8,3225.0,3242.95,1785928.0,750.0,752.0,745.0,746.775,11080492.0
2022-09-13,1188.387431,1193.69840615,1180.6706295,1189.18180763,9036896.69871643,3263.45,3263.45,3225.0,3229.3501,1972678.0,749.45,757.95,749.275,756.55,13001966.0
2022-09-14,1168.8684625,1184.755995,1167.84712113,1174.92846672,8822949.37870308,3135.0,3141.3999,3113.8,3120.3999,5090269.0,747.025,769.45,746.175,764.325,20219760.0
2022-09-15,1172.4998985,1181.82814973,1160.58424913,1163.28512965,10538471.28243483,3130.0,3137.75,3100.0,3104.3501,2138023.0,765.0,770.475,756.0,760.35,13539372.0
2022-09-16,1154.68316563,1158.8820135,1130.7383845,1134.4606064,20554885.72564682,3076.0,3094.3501,3000.0,3008.7,5322221.0,751.55,757.35,741.5,746.375,20560046.0
2022-09-19,1134.4606064,1145.12794965,1126.35801022,1135.93587728,7706672.5119209,3036.0,3042.0,2987.8,3028.8,2072220.0,744.5,757.0,740.0,751.3,12076038.0
2022-09-20,1145.01446727,1151.93689215,1132.41792365,1136.11749447,8551728.8477616,3050.0,3079.95,3030.0,3040.3,1544295.0,757.0,762.0,754.95,760.35,10781668.0
2022-09-21,1133.34847913,1149.8034235,1132.5541025,1139.24956263,9360863.30586578,3028.0,3041.3999,2998.1499,3001.2,2253818.0,754.0,760.75,752.5,759.175,9072304.0
2022-09-22,1128.468737,1136.1855385,1122.15916234,1128.51417534,10480083.36096244,2990.0,3029.95,2979.3,3007.3999,2017983.0,751.0,755.075,741.375,743.0,12048144.0
2022-09-23,1128.0148075,1132.98533553,1105.81770034,1107.36101525,9686953.59081091,3004.0,3022.5,2979.0,2982.05,2652374.0,736.175,737.5,718.5,723.075,15806252.0
2022-09-26,1086.72991948,1097.5107451,1078.15060653,1079.14934222,12687648.63266212,2959.8501,3025.8501,2926.1001,2994.3999,2925489.0,712.675,718.225,709.0,713.325,8923486.0
2022-09-27,1086.707223,1101.232967,1071.31905834,1087.72856437,16424242.09045678,3009.3999,3025.0,2976.0,3017.45,2227447.0,716.2,720.0,703.5,706.925,12639700.0
2022-09-28,1071.43254072,1079.444351,1056.33938484,1058.76786228,17280524.83920961,2980.0,3049.95,2980.0,3035.6499,2739767.0,703.0,705.3,692.95,694.775,11816132.0
2022-09-29,1071.27362,1074.67809125,1049.9389335,1055.52226635,14916514.56889231,3054.0,3055.8501,2990.0,2997.3,2493902.0,698.15,701.1,689.4,691.175,14410388.0
2022-09-30,1049.0310745,1090.338659,1049.0310745,1079.33086863,18923440.75456651,2990.8501,3019.7,2950.1001,3004.55,2817353.0,689.4,715.725,682.5,710.675,15781756.0
2022-10-03,1085.57239925,1097.12490502,1072.6354085,1075.58595025,12050395.49092976,2995.0,3020.7,2974.0,2984.95,1763331.0,704.975,708.925,700.55,706.6,11541112.0
2022-10-04,1088.4321551,1097.601531,1084.95954903,1095.4226694,9098093.42640212,3029.95,3098.0,3023.0,3091.1499,2145875.0,714.75,729.0,713.075,726.5,11538526.0
2022-10-06,1102.5947555,1112.127275,1097.66957503,1099.46268734,13574841.46767284,3111.0,3124.0,3092.45,3101.95,1790816.0,729.975,731.3,717.1,718.5,12549198.0
2022-10-07,1096.08082178,1109.35825966,1096.08082178,1104.11546472,7842995.44312498,3097.3999,3105.0,3058.1001,3064.8999,1939879.0,715.125,717.475,710.175,715.4,13297994.0
2022-10-10,1091.7004475,1097.42000459,1083.983646,1092.0635911,6435087.38691801,3010.0,3127.0,3005.0,3118.55,3064063.0,704.0,713.0,699.1,707.5,13109302.0
2022-10-11,1095.785813,1095.785813,1067.23369284,1070.32032266,9368862.3453642,3100.0,3145.0,3053.3501,3069.55,4730645.0,700.55,708.5,699.725,700.325,14521620.0
2022-10-12,1067.642184,1081.12389015,1063.60225684,1078.19604487,7540800.93935292,3084.8999,3109.8999,3062.05,3100.75,1665247.0,701.6,707.425,698.65,704.9,9225050.0
2022-10-13,1076.44837091,1086.707223,1071.31905834,1081.6232126,7450712.05991239,3100.75,3110.0,3052.3501,3103.3,2054781.0,701.025,703.125,692.0,696.8,14714234.0
2022-10-14,1096.2397425,1096.85259272,1075.40442384,1076.13066565,9257955.25516628,3145.0,3150.0,3071.0,3099.1499,2245977.0,708.5,723.5,707.625,719.5,12849920.0
2022-10-17,1069.0039725,1095.785813,1063.82922159,1093.40268313,17008357.02460404,3072.6499,3128.3999,3071.45,3111.75,1517005.0,717.5,728.8,713.5,723.275,18410500.0
2022-10-18,1099.417249,1118.0283585,1098.57743403,1112.69468688,12622883.06884659,3150.0,3155.3501,3128.55,3144.7,1793722.0,729.025,731.45,720.0,721.925,10561108.0
2022-10-19,1114.16995775,1147.46573197,1108.35966015,1132.05473466,19568133.37753991,3159.0,3159.0,3112.0,3121.8501,1194289.0,732.0,738.7,726.7,729.325,12967040.0
2022-10-20,1128.0148075,1143.4484105,1128.0148075,1135.09615309,8862431.28062838,3105.0,3160.0,3105.0,3157.3,1587601.0,722.0,726.45,721.25,724.4,7898078.0
2022-10-21,1138.31900715,1142.4497656,1119.8440765,1121.93219759,8380931.40014033,3157.8,3160.3999,3127.0,3137.3999,1021913.0,726.0,728.825,717.0,719.3,10492606.0
2022-10-24,1116.66657,1135.95857375,1114.53310135,1125.67711597,3426236.89361454,3170.1001,3178.0,3155.0,3161.7,260949.0,727.15,731.5,727.15,730.525,2167794.0
2022-10-25,1134.3698205,1134.3698205,1106.680121,1108.29157073,12437259.53038963,3180.5,3184.25,3151.1499,3162.1001,2069643.0,730.55,733.9,722.5,725.45,13773394.0
2022-10-27,1115.758711,1120.50227428,1104.3196876,1112.64924853,12721744.23561368,3160.7,3174.0,3134.3501,3157.3999,2438421.0,732.25,733.675,725.625,727.2,15937276.0
2022-10-28,1118.9362175,1150.7112825,1116.41690878,1146.69396103,17903273.52595502,3150.0,3178.5,3145.0,3163.25,1355739.0,725.0,733.5,723.7,729.35,10474278.0
2022-10-31,1153.4348595,1162.49075302,1149.4402799,1157.33869859,12627075.34980652,3199.0,3199.0,3177.8,3193.1499,1919414.0,736.0,749.0,733.625,748.35,12830528.0
2022-11-01,1180.2167,1180.2167,1138.455186,1148.37359097,14196034.84682093,3214.5,3262.6001,3203.45,3259.7,2991060.0,751.75,764.5,749.45,756.625,19073756.0
2022-11-02,1149.48567285,1157.6110109,1141.6326925,1155.54558628,9131691.15468371,3270.0,3270.0,3222.05,3241.7,1405955.0,758.5,764.125,755.8,757.1,12720406.0
2022-11-03,1148.37359097,1161.85525173,1146.19468398,1159.85791653,6805078.7622307,3228.05,3228.05,3195.0,3206.75,1422652.0,748.85,760.125,748.5,753.775,10332352.0
2022-11-04,1159.29050466,1180.2167,1158.01959284,1176.92571113,12785547.09486826,3217.0,3220.05,3166.1499,3217.3999,1464013.0,751.6,758.05,744.8,748.575,10818060.0
2022-11-07,1176.1313345,1184.89217385,1168.414533,1183.21268009,11986370.13016338,3229.0,3242.8,3195.1001,3233.7,1474498.0,755.0,756.0,746.05,754.4,9835834.0
2022-11-09,1184.89217385,1190.18045253,1175.70010148,1182.032418,11441895.71288052,3249.8,3249.8,3201.6499,3216.05,1162267.0,757.525,758.975,752.0,754.175,9269790.0
2022-11-10,1175.677405,1178.65064323,1163.4213085,1167.73363875,6065743.68927333,3170.0,3225.0,3170.0,3205.6499,1573092.0,748.55,763.5,747.525,762.375,12774182.0
2022-11-11,1180.2167,1196.558162,1174.769546,1194.6516581,12515432.46252997,3269.6001,3341.6001,3255.05,3315.95,3265394.0,772.5,818.5,769.0,805.575,56722338.0
2022-11-14,1194.17503213,1199.281739,1182.55439153,1188.86405698,9193927.69141464,3324.0,3349.0,3309.0,3335.5,1342074.0,806.0,814.0,799.0,807.525,19195390.0
2022-11-15,1190.33932785,1192.20039341,1175.677405,1183.53038535,7204616.57592203,3321.0,3339.95,3292.0,3332.6001,1400708.0,811.575,811.575,802.625,809.5,11030202.0
2022-11-16,1184.755995,1187.45687553,1171.75096022,1176.74418472,9878201.35065027,3338.8999,3367.8999,3321.45,3355.3501,1748235.0,809.325,821.0,806.0,816.45,13578150.0
2022-11-17,1173.38506103,1186.1177835,1171.13811,1179.78546698,6772547.27881753,3340.0,3360.0,3317.75,3349.0,1417986.0,809.05,815.775,806.95,809.075,12100930.0
2022-11-18,1183.28072413,1184.3020655,1167.09818284,1179.14992028,5391641.21300775,3350.0,3362.75,3321.0,3343.45,1164540.0,810.5,811.5,802.625,806.95,10459232.0
2022-11-21,1174.769546,1174.769546,1154.38815684,1157.92871616,6496841.46987583,3322.5,3333.7,3273.0,3283.5,1304194.0,803.825,806.0,795.1,798.675,8344816.0
2022-11-22,1155.2505775,1165.91792075,1151.39217675,1164.35186398,6721750.84456948,3280.0,3318.95,3255.25,3314.95,1149739.0,800.0,802.175,795.5,797.5,8546314.0
2022-11-23,1168.8684625,1170.18481266,1158.54156638,1160.72042798,6520367.14952432,3330.0,3330.0,3291.0,3308.3,1150011.0,802.5,802.5,797.0,799.575,10185738.0
2022-11-24,1164.783097,1177.493123,1156.7031519,1170.72961884,9546030.82637282,3316.25,3392.95,3308.3,3380.1499,1296591.0,802.975,816.0,799.575,812.575,17197960.0
2022-11-25,1175.2234755,1191.51949916,1172.09140734,1188.20590459,7472499.58418653,3383.0,3403.3501,3348.0,3389.6499,1588981.0,814.85,815.85,807.05,808.825,8410496.0
2022-11-28,1184.25662716,1235.16486598,1184.25662716,1229.03681773,32053279.19864208,3366.0,3417.0,3365.55,3395.25,2195437.0,801.45,803.725,797.025,800.125,16105980.0
2022-11-29,1227.40267153,1239.97647328,1222.886073,1231.1475899,11243347.25987185,3383.0,3429.0,3383.0,3397.3501,1576028.0,798.625,806.175,796.425,798.925,12638236.0
2022-11-30,1231.28376875,1246.24074577,1224.7925769,1239.84038522,26601348.88787796,3383.0,3414.8999,3375.0,3390.8,3410702.0,798.55,806.45,798.55,804.225,15184806.0
2022-12-01,1244.5839031,1250.5757725,1232.872522,1236.18620735,9643999.78410744,3425.0,3480.0,3420.0,3475.6499,2180856.0,811.0,818.5,807.5,809.75,20446366.0
2022-12-02,1239.227535,1247.398266,1225.88205309,1235.66414303,11782875.97523404,3458.1001,3468.8999,3413.0,3439.1499,2411749.0,805.0,809.3,802.575,803.55,7811078.0
2022-12-05,1231.056804,1233.21296913,1215.623201,1217.64318728,15075836.66626646,3433.0,3439.1499,3407.0,3425.8999,1475065.0,804.975,807.3,798.1,806.475,11592622.0
2022-12-06,1209.76755584,1224.2478615,1207.9063995,1221.1611409,8737574.88773036,3400.05,3407.95,3368.0,3385.3501,1166999.0,800.5,806.85,800.0,805.575,12353092.0
2022-12-07,1218.8007075,1223.3400025,1199.34978303,1203.14013975,8603236.84625035,3368.3,3393.7,3354.0,3380.6001,1167505.0,807.075,809.3,802.225,805.225,11674720.0
2022-12-08,1207.45247,1209.7221175,1198.41931834,1202.57272788,7886374.42598465,3360.0,3380.6001,3339.45,3350.55,1285619.0,805.0,813.0,802.5,809.75,14803634.0
2022-12-09,1201.097457,1207.45247,1181.05651497,1184.34750384,12866828.43921798,3374.1001,3374.1001,3276.3501,3292.75,1797896.0,813.0,817.425,810.0,815.525,11963384.0
2022-12-12,1173.63472225,1190.6570785,1173.4077575,1186.16322184,9637941.57462778,3255.5,3296.0,3236.1001,3286.45,1527610.0,812.5,826.8,810.7,821.875,14434808.0
2022-12-13,1186.16322184,1195.1963735,1183.25802765,1191.5649375,8472326.6498432,3277.2,3336.45,3267.8,3332.1001,1378016.0,825.0,828.5,822.5,824.15,17031702.0
2022-12-14,1197.30710028,1197.89725403,1185.2099245,1187.25260725,7390174.02482104,3348.8,3377.0,3340.8999,3365.3501,1213311.0,826.5,832.75,825.0,831.125,14227640.0
2022-12-15,1181.35152375,1187.0256425,1167.0527445,1170.38917172,8833453.21244819,3358.8,3364.75,3298.95,3305.1001,1415694.0,828.525,834.7,813.525,815.9,18182648.0
2022-12-16,1167.0527445,1188.7505746,1161.21970503,1164.60157059,16101473.90729177,3275.0,3292.0,3225.2,3240.25,2703680.0,810.025,822.55,804.5,819.825,14647958.0
2022-12-19,1171.5920395,1182.032418,1165.10084765,1179.89894935,7858848.12509432,3227.0,3245.5,3194.5,3202.05,2120965.0,822.0,823.325,813.1,822.375,9604542.0
2022-12-20,1172.90838966,1192.018867,1164.783097,1190.1123631,7592128.29304991,3198.8999,3249.0,3163.6499,3243.95,1529971.0,810.1,818.2,810.1,816.7,7174698.0
2022-12-21,1189.7492195,1195.1963735,1169.36783034,1173.18079275,8669767.00126341,3249.0,3283.05,3240.0,3268.55,1432566.0,820.5,822.4,803.275,808.8,9269198.0
2022-12-22,1179.308841,1182.32742678,1165.12354412,1170.1394651,7575387.80801865,3294.0,3294.0,3245.1001,3259.7,1384101.0,811.1,813.75,804.5,806.025,9747096.0
2022-12-23,1163.55748735,1175.90436975,1131.30579638,1135.8223949,10428176.62214066,3217.0,3266.8501,3217.0,3228.3501,1360281.0,793.5,802.075,792.725,798.825,10693152.0
2022-12-26,1141.51921013,1153.888789,1131.37384041,1145.74075448,6090143.95407216,3228.3501,3272.0,3225.05,3252.8999,870157.0,799.75,819.5,795.0,814.725,9907322.0
2022-12-27,1148.441635,1156.9755096,1141.74617488,1155.11439865,5859387.85648432,3269.2,3273.8,3231.5,3259.5,835883.0,816.5,817.975,806.75,815.55,7926772.0
2022-12-28,1152.073071,1157.4294391,1144.58323425,1155.00091627,7583796.60277642,3249.8,3266.1001,3226.0,3257.1001,910795.0,811.55,816.5,811.55,814.9,8691870.0
2022-12-29,1147.0798465,1157.02085716,1146.39895225,1154.47889735,7046232.95027091,3231.1001,3271.5,3228.0,3268.75,1037927.0,810.05,821.75,805.5,820.65,11012896.0
2022-12-30,1155.29601584,1169.7763215,1153.48029784,1156.2492224,7411045.1072248,3286.05,3299.0,3246.2,3256.7,1163131.0,822.5,822.5,810.0,814.075,7122640.0
2023-01-02,1157.520225,1170.6841805,1156.7031519,1169.27695366,5404834.89176183,3261.0,3266.8501,3235.2,3261.45,709547.0,813.5,819.875,809.275,814.35,4381378.0
2023-01-03,1164.35186398,1167.9606035,1156.5215801,1160.72042798,7786662.90690515,3252.0,3320.0,3245.3,3311.3501,1245178.0,811.1,821.5,811.1,819.675,8378030.0
2023-01-04,1160.6977315,1162.53614598,1141.178763,1143.24414223,9419405.43630674,3306.7,3327.3501,3286.2,3314.6499,1231668.0,817.5,822.875,803.5,805.025,10351600.0
2023-01-05,1145.49109325,1151.34673841,1136.639468,1141.20145948,13864529.62409361,3330.2,3337.3,3281.95,3311.1001,1826057.0,807.5,809.025,794.7,799.85,10941436.0
2023-01-06,1146.92092578,1156.58966952,1143.13065985,1151.57370316,6455491.43644553,3300.0,3301.55,3200.0,3211.55,2488376.0,801.0,804.55,789.1,797.2,9092462.0
2023-01-09,1155.38675635,1181.124559,1154.50163922,1178.7641256,10901580.53177861,3229.0,3327.0,3221.1499,3319.95,2885060.0,798.0,805.775,795.0,798.75,10729340.0
2023-01-10,1182.940277,1182.940277,1155.704507,1161.33318741,8181347.54405695,3285.0,3298.0,3230.1001,3286.3999,3864655.0,800.0,800.0,782.5,784.15,16371766.0
2023-01-11,1158.65504875,1161.151661,1144.40170784,1146.69396103,11701502.10550317,3290.1001,3349.5,3271.1499,3328.7,2720512.0,783.975,799.0,780.0,795.45,15195798.0
2023-01-12,1146.10394347,1149.57645875,1118.9362175,1121.93219759,17983775.01352082,3329.0,3350.0,3315.55,3334.3501,2250391.0,793.9,801.95,792.075,799.7,9250070.0
2023-01-13,1115.94023741,1122.52221516,1105.13680609,1120.11647959,20962446.8116745,3342.8999,3379.0,3305.0,3374.55,1742837.0,799.375,804.95,793.0,800.325,9244546.0
2023-01-16,1122.43147465,1125.58623928,1101.6868965,1109.44913634,13851064.97815189,3317.0,3353.0,3298.05,3334.05,1843607.0,807.5,810.65,790.15,792.65,14748094.0
2023-01-17,1115.758711,1127.1069485,1112.39967809,1125.2004446,10930298.6476975,3330.0,3381.8,3321.0,3378.3999,1688475.0,794.9,805.5,788.75,804.45,10786354.0
2023-01-18,1122.79461825,1130.78382284,1116.82549072,1123.33933365,13672568.09702828,3380.0,3408.95,3372.25,3390.0,2421189.0,802.5,820.8,799.85,818.65,19090642.0
2023-01-19,1122.52221516,1126.26713353,1115.14586078,1122.13642048,12139182.40607848,3380.0,3387.0,3361.0,3373.1001,1585044.0,818.5,825.0,816.5,822.05,11172162.0
2023-01-20,1123.4755125,1123.4755125,1106.33967388,1108.79084778,15179284.44835597,3365.0,3394.6499,3355.6001,3363.1001,1529349.0,822.05,834.5,821.7,830.475,18843404.0
2023-01-23,1111.6733455,1119.4809329,1100.7790375,1103.18486385,11136804.28348455,3388.0,3419.0,3355.6001,3414.8999,1067916.0,833.125,841.3,830.7,836.55,15444400.0
2023-01-24,1107.58798,1109.24477728,1083.68863722,1096.67097552,16763744.14969726,3425.0,3451.95,3417.3,3436.3,1387863.0,837.525,851.2,837.5,847.75,24983940.0
2023-01-25,1095.08222227,1096.10356365,1080.35221,1081.50973023,12591567.63329989,3425.3,3435.0,3405.0,3429.75,874110.0,845.7,846.475,822.65,824.325,14704142.0
2023-01-27,1082.34945441,1083.68863722,1049.32608328,1060.99216222,26261767.52116793,3426.0,3446.0,3382.3,3411.05,1785879.0,816.0,818.5,794.975,807.9,35179948.0
2023-01-30,1058.42741515,1076.67533566,1044.4917795,1071.16013763,22135203.81468929,3420.0,3458.45,3385.55,3433.6499,1953798.0,797.5,812.65,791.0,807.075,18512822.0
2023-01-31,1081.260069,1083.82472528,1062.6489595,1068.48199897,23070029.59710704,3449.0,3449.0,3351.0,3358.7,2820375.0,809.85,811.35,797.5,801.75,18596244.0
2023-02-01,1080.32951352,1080.32951352,1046.3074975,1062.14959166,19670470.85505569,3363.0,3419.0,3355.0,3408.3501,2205161.0,812.0,832.5,803.0,813.775,17302790.0
2023-02-02,1052.208581,1065.826466,1049.0310745,1056.27125003,13890520.44425401,3427.0,3469.0,3420.1001,3460.3999,1813847.0,804.05,812.25,794.375,801.675,17497106.0
2023-02-03,1066.2803955,1066.2803955,1040.8603435,1057.2018055,25111498.59174167,3504.0,3504.0,3452.8999,3482.3,1804469.0,805.5,830.25,803.5,829.4,14411100.0
2023-02-06,1050.8467925,1053.5703695,1046.6706411,1049.23534277,15085335.93873058,3473.1499,3473.1499,3436.8501,3459.95,1138714.0,830.0,834.7,823.1,825.875,11167672.0
2023-02-07,1049.485004,1056.47547291,1040.8603435,1046.71598866,15387854.28133664,3468.8999,3493.0,3461.3999,3472.55,1455647.0,829.7,832.45,816.3,827.1,10264588.0
2023-02-08,1049.9389335,1071.22818166,1047.2153565,1067.61948752,21513230.57875728,3478.05,3539.8999,3478.05,3520.1001,1986946.0,827.125,834.1,825.0,827.0,8444826.0
2023-02-09,1068.30038177,1076.19880047,1059.471453,1069.48059848,13392449.70860012,3515.0,3547.6001,3505.3,3540.8501,1655427.0,830.0,830.825,817.775,825.275,11777336.0
2023-02-10,1068.95853416,1068.95853416,1053.70654835,1060.67432078,10970401.79146762,3520.0,3542.3501,3508.1499,3537.55,1187821.0,824.4,829.25,821.1,828.55,8172116.0
2023-02-13,1062.2858159,1066.734325,1050.18859473,1054.63714922,10525145.42456483,3549.0,3549.0,3473.3999,3482.3999,1087939.0,827.5,830.875,822.275,829.175,5736944.0
2023-02-14,1057.63303852,1081.21463066,1054.77323728,1079.48978934,14560772.10227579,3505.0,3524.8501,3495.0,3500.1001,1579818.0,832.5,838.75,828.975,836.85,10908592.0
2023-02-15,1078.536492,1106.3169774,1077.1747035,1103.93384753,34062342.28002366,3487.0,3526.0,3460.1499,3520.6499,1429449.0,839.0,839.0,828.375,835.15,11438712.0
2023-02-16,1111.87761377,1118.3915021,1100.80173398,1103.07138148,17552412.87468649,3527.2,3575.0,3527.0,3558.05,1618931.0,836.6,840.95,830.5,832.125,8062500.0
2023-02-17,1098.50939,1110.99245125,1094.24249809,1107.6787659,12006472.37070955,3526.1499,3538.8999,3490.0,3501.1499,1061369.0,830.5,834.075,821.475,827.95,8956270.0
2023-02-20,1109.8576275,1112.01379263,1094.01553334,1095.96733941,8984313.6434182,3502.0,3522.0,3475.05,3487.3,1296082.0,830.0,834.725,817.4,820.175,8086706.0
2023-02-21,1100.325108,1110.6747006,1095.03687472,1104.90984134,13533594.97455001,3494.0,3508.8999,3444.75,3451.0,1139541.0,820.0,831.175,817.0,823.25,12389296.0
2023-02-22,1101.21027053,1103.048685,1078.10525898,1079.85284216,11208192.02100767,3414.95,3447.0,3395.0,3401.55,1218430.0,819.5,820.975,804.525,807.1,10359102.0
2023-02-23,1079.444351,1087.04767013,1071.88647022,1074.67809125,10016213.97155285,3421.0,3452.3999,3408.0,3413.8,1441570.0,806.5,809.425,796.05,801.625,27882010.0
2023-02-24,1076.720774,1087.68312603,1074.905056,1082.03174915,9591388.09000076,3422.5,3433.95,3382.3,3400.45,977592.0,808.95,808.95,792.6,794.475,17061740.0
2023-02-27,1081.260069,1084.73258428,1067.50600515,1074.83701197,11386497.24241319,3390.0,3390.0,3316.0,3331.8501,1128022.0,792.95,799.5,788.65,796.45,14312972.0
2023-02-28,1069.50334034,1074.4511265,1050.23394228,1054.27396023,22360840.17452049,3328.5,3392.0,3299.8999,3312.8501,4116217.0,796.0,802.65,794.35,799.8,18993992.0
2023-03-01,1064.010748,1064.69164225,1054.59171088,1063.96530966,11743788.40767124,3323.0,3389.0,3315.0,3385.7,1669307.0,806.0,806.5,797.875,799.025,14137256.0
2023-03-02,1060.8332415,1067.48326328,1053.84277259,1055.86271348,9489193.80652723,3361.0,3369.8999,3318.0,3321.45,1556538.0,797.0,802.975,791.0,792.225,17391814.0
2023-03-03,1066.34843953,1086.45756177,1062.89862073,1082.80338391,14888027.76642628,3354.0,3358.0,3331.1001,3342.1499,1043190.0,798.0,810.0,794.0,807.95,14986234.0
2023-03-06,1089.4308,1100.59751109,1089.4308,1093.37998665,10341557.44449303,3361.8999,3404.95,3359.0,3371.8501,1334132.0,810.0,819.725,809.025,813.65,27004710.0
2023-03-08,1093.37998665,1098.0554605,1082.6218575,1097.30652222,16045870.55919477,3364.0,3396.0,3330.8501,3390.3999,1844590.0,810.0,819.75,810.0,815.275,20099774.0
2023-03-09,1096.693672,1097.10216316,1069.04941084,1070.93317287,16505886.92737529,3385.0,3385.0,3330.8501,3336.8501,1648500.0,814.975,822.975,813.5,815.35,20700166.0
2023-03-10,1062.87592425,1064.010748,1050.86948898,1054.34204965,13556468.57055997,3312.8999,3337.25,3290.0,3331.0,1024404.0,805.225,806.875,792.5,794.325,27387000.0
2023-03-13,1057.2018055,1064.010748,1032.6896125,1037.00194275,12984589.01657636,3333.0,3369.8,3272.0,3281.95,1901233.0,793.95,801.9,782.475,784.275,26443550.0
2023-03-14,1034.95926,1046.28480103,1029.98873198,1033.12084552,16294818.90910373,3280.0,3304.3999,3209.3999,3214.95,2670334.0,785.125,791.8,779.65,782.175,33185612.0
2023-03-15,1036.82041634,1043.26616985,1011.08252291,1015.46298798,22090930.41981189,3250.0,3260.3501,3192.0,3198.8999,1780522.0,789.0,791.45,768.3,770.95,37264754.0
2023-03-16,1018.1638685,1023.157093,999.6435449,1010.40162866,18669407.91466516,3208.0,3219.8,3172.0,3185.0,1901060.0,769.5,779.55,766.025,775.95,21753342.0
2023-03-17,1018.95824513,1022.22653752,1004.40980465,1009.13071684,34581480.16376992,3150.5,3221.3999,3144.0,3179.3,6739966.0,778.75,789.6,770.0,786.325,22950876.0
2023-03-20,1005.4538425,1007.72349,989.56631,999.21231188,19850208.01688368,3169.6499,3169.6499,3095.05,3143.3,2289468.0,783.975,784.05,772.7,780.875,26503114.0
2023-03-21,1007.24686402,1032.235683,1006.3617015,1030.28378615,21757261.86555401,3143.3,3156.75,3097.45,3106.1001,1815297.0,785.975,791.25,778.1,789.725,33050494.0
2023-03-22,1037.2289075,1040.15675277,1030.419965,1033.41594509,11102213.00884829,3130.05,3143.5,3106.1001,3130.8,1123939.0,792.0,793.025,782.65,787.9,14177324.0
2023-03-23,1029.512106,1030.37452666,1018.18656498,1020.3427301,16520367.14952432,3114.8999,3146.3501,3101.0,3124.6499,1372218.0,783.875,795.175,779.275,781.575,28364178.0
2023-03-24,1019.18520988,1021.341375,997.737041,1000.14286735,12582343.73399394,3148.8999,3170.0,3106.0,3120.5,1329577.0,780.0,786.95,777.475,780.325,31477748.0
2023-03-27,1006.58866625,1023.157093,998.7356859,1015.68995273,14288712.23394822,3135.0,3152.75,3106.0,3122.3,1524217.0,781.1,789.725,779.45,783.725,31872006.0
2023-03-28,1019.0717275,1024.29191675,1015.4402915,1020.433516,12786166.13372782,3127.0,3149.55,3110.1499,3115.8999,1303530.0,782.85,791.45,782.05,790.1,39276302.0
2023-03-29,1016.3481505,1018.9809416,1003.68356284,1014.39625365,19117666.9504846,3129.0,3150.0,3104.1001,3138.8999,1740616.0,792.0,801.0,790.95,793.9,39763612.0
2023-03-31,1023.6110225,1063.76108678,1023.47484365,1058.13236098,28641022.44952135,3189.95,3213.0,3152.0,3205.8999,2382581.0,797.8,806.475,796.2,804.775,34711228.0
2023-04-03,1064.4646775,1066.2803955,1050.8467925,1058.31393277,10464704.32082515,3224.95,3224.95,3173.75,3200.0,1521830.0,803.775,807.85,801.375,805.275,40025398.0
2023-04-05,1065.826466,1065.826466,1047.91894723,1055.77197297,16534151.22832951,3185.5,3264.3501,3185.5,3239.8,2655065.0,809.3,828.0,808.0,826.875,43365392.0
2023-04-06,1052.27662503,1068.550043,1052.27662503,1062.85322777,18742494.15382785,3225.0,3257.3501,3215.0,3220.7,1703464.0,824.275,834.6,823.55,833.175,44637344.0
2023-04-10,1066.734325,1066.91585141,1053.82003073,1055.31804347,13177570.52581954,3220.0,3272.0,3215.0,3263.3999,2203187.0,831.625,835.5,827.0,829.225,31813286.0
2023-04-11,1059.471453,1062.6489595,1054.95485448,1060.53823272,10718186.41441017,3264.0,3272.95,3192.1499,3213.8,2348779.0,829.5,834.7,825.55,831.65,42361542.0
2023-04-12,1060.53823272,1074.8142701,1057.67843148,1065.21361578,18482266.51936038,3227.95,3260.95,3199.0,3241.6499,2417727.0,834.0,844.1,833.9,842.45,26955504.0
2023-04-13,1068.0961135,1073.9064111,1063.102889,1069.23093725,12584643.65061094,3210.0,3230.0,3180.0,3188.8501,4174070.0,844.15,848.525,839.075,846.225,35330086.0
2023-04-17,1100.75634103,1100.75634103,1066.30309198,1074.65539477,18228495.83470561,3134.1001,3163.3999,3070.25,3139.5,5505048.0,860.0,860.0,826.65,833.325,32405148.0
2023-04-18,1078.9904215,1078.9904215,1055.840017,1062.35395072,10579114.15759496,3154.95,3156.8501,3110.6001,3130.75,2617302.0,835.0,838.625,828.2,829.8,29637226.0
2023-04-19,1061.76379698,1070.32032266,1058.6543799,1067.642184,12478164.56079634,3130.75,3140.0,3071.5,3089.6001,3298034.0,832.5,835.15,828.575,832.85,24741168.0
2023-04-20,1068.59548134,1070.8196905,1058.60903234,1064.94130348,7124194.39582578,3090.0,3113.0,3078.0,3104.8,2419999.0,835.85,838.725,833.2,835.95,32922716.0
2023-04-21,1067.02933378,1071.7275495,1060.56083841,1066.2803955,7774854.90588296,3110.0,3164.45,3100.8,3160.8501,1929184.0,834.5,838.475,831.625,837.3,20128618.0
2023-04-24,1078.0825625,1080.76070116,1065.826466,1070.365761,13151927.77733106,3151.1001,3180.95,3126.1499,3174.8,1640676.0,843.5,845.725,837.05,844.075,35675852.0
2023-04-25,1073.997197,1080.62461309,1066.96128975,1078.55918848,9390160.80690944,3183.0,3191.2,3147.5,3176.0,2024090.0,843.85,843.85,830.95,832.075,50353068.0
2023-04-26,1079.8982805,1083.12122534,1068.57273948,1072.22691734,8761556.58532878,3181.0,3208.3999,3181.0,3198.1499,2000029.0,830.0,837.5,827.5,835.9,27392750.0
2023-04-27,1078.0825625,1082.167928,1073.089338,1079.01311798,9320008.94412018,3185.0,3199.2,3170.6499,3187.95,2434446.0,835.25,842.625,832.925,840.5,47790392.0
2023-04-28,1081.260069,1100.27966966,1081.14658663,1098.73635475,15824796.58184806,3200.3999,3227.25,3196.25,3219.25,2931312.0,842.35,845.5,835.0,843.8,27916272.0
2023-05-02,1105.8630479,1110.2207711,1102.18626434,1108.06460598,13198307.22612212,3235.0,3235.0,3210.0,3219.3999,2321159.0,844.35,849.5,841.0,843.625,32221184.0
2023-05-03,1109.8576275,1109.8576275,1095.35457998,1098.55482834,7179645.73793948,3216.0,3216.0,3173.1499,3179.8999,2468285.0,842.475,848.0,839.825,846.575,29407270.0
2023-05-04,1099.03136353,1113.42101947,1096.05821609,1111.219416,8779246.55700941,3180.1499,3224.45,3178.0,3220.7,1953253.0,843.55,867.225,843.55,863.9,56854638.0
2023-05-05,1108.0419095,1117.27942022,1105.772262,1108.38235663,8892455.7668096,3220.0,3244.0,3210.05,3230.7,1710027.0,819.5,830.475,811.05,812.825,62770416.0
2023-05-08,1112.127275,1127.40195728,1109.47174203,1122.06828566,9306442.96085626,3245.0,3254.8501,3231.3,3250.6001,928235.0,817.5,825.175,815.0,822.225,37244524.0
2023-05-09,1123.4755125,1128.8318806,1118.14184088,1125.54089173,6572536.04359267,3252.6001,3298.0,3246.0,3283.25,1107375.0,824.95,828.0,819.975,822.25,43688938.0
2023-05-10,1130.284455,1134.75570597,1126.2898754,1133.28043509,11053575.50016027,3290.0,3306.5,3266.05,3286.8,1559987.0,822.25,827.325,816.55,826.05,46340550.0
2023-05-11,1134.34712402,1139.13608025,1124.17910323,1125.88133885,10733937.7590573,3309.0,3309.7,3272.0,3282.1499,1719623.0,832.575,844.0,824.625,826.6,35734618.0
2023-05-12,1121.1150791,1129.10419291,1115.07781675,1127.71979872,7071338.17035465,3279.1499,3290.0,3260.0,3274.3,1027479.0,823.5,836.4,822.125,833.9,22478760.0
2023-05-15,1130.23901666,1136.88912923,1122.63569753,1129.94400788,6947305.69394587,3284.0,3292.0,3248.3501,3255.05,1150390.0,836.0,840.375,832.55,837.9,18512260.0
2023-05-16,1132.100173,1134.64222359,1112.19531903,1113.8522071,8862609.72243487,3256.2,3285.0,3250.45,3258.1499,986306.0,835.9,835.9,822.0,823.65,32722086.0
2023-05-17,1118.0283585,1118.9362175,1102.5947555,1107.27022935,8945710.73261377,3255.95,3280.0,3198.25,3208.7,1588815.0,825.0,825.0,812.675,819.225,30466868.0
2023-05-18,1111.92300673,1115.3047815,1101.75494053,1104.88709948,10701069.21889853,3225.95,3228.95,3195.0,3199.8501,1369364.0,824.0,826.975,820.0,822.5,49646942.0
2023-05-19,1104.88709948,1110.28886052,1097.98741647,1108.47314253,8184707.09658659,3210.0,3234.5,3203.05,3222.8501,1152449.0,824.0,825.0,815.775,823.45,30460332.0
2023-05-22,1105.3183325,1119.390147,1104.11546472,1114.3969225,7558900.66629289,3230.0,3308.45,3217.05,3298.7,1333243.0,822.5,826.45,816.35,820.525,28334032.0
2023-05-23,1116.96157878,1120.298006,1112.78547277,1114.19265423,6193633.59288171,3306.0,3327.95,3290.1001,3297.05,1687418.0,824.5,824.8,816.725,818.6,22470074.0
2023-05-24,1110.26611866,1118.482288,1104.61474177,1107.70146238,8247545.04829495,3276.0,3317.2,3276.0,3303.3501,1016555.0,813.775,817.375,806.8,807.9,33588112.0
2023-05-25,1104.81896466,1111.6733455,1096.71636848,1107.56528352,11679450.22299718,3294.0,3306.0,3267.1001,3293.5,1374917.0,807.85,810.025,798.675,804.8,29776930.0
2023-05-26,1115.758711,1138.9091155,1112.46772213,1137.77429175,12836832.59184521,3293.5,3338.6499,3291.0,3328.8999,1791115.0,809.5,809.5,801.125,807.9,26635066.0
2023-05-29,1144.3562695,1148.441635,1138.0920424,1144.17474309,10177249.99146343,3360.8,3372.0,3312.0,3320.3501,1210372.0,814.25,820.5,812.425,817.75,21816292.0
2023-05-30,1144.17474309,1151.93689215,1141.33768372,1143.87964353,11531667.36244285,3315.0,3326.95,3301.3501,3316.2,1344224.0,816.8,821.325,814.275,818.375,37125928.0
2023-05-31,1134.82375,1139.29500097,1117.1204995,1121.16042666,27560015.37683715,3309.0,3327.7,3265.1499,3289.5,5815424.0,814.95,817.475,802.325,805.425,43334270.0
2023-06-01,1125.81320403,1127.96936916,1115.758711,1118.14184088,14836059.34401708,3314.0,3340.0,3297.5,3324.0,1177314.0,809.95,809.95,800.0,802.0,50366938.0
2023-06-02,1121.6597945,1127.03890447,1112.5812045,1114.4877084,16064157.53988229,3326.25,3335.8999,3297.45,3305.6001,2030661.0,806.225,807.4,800.5,803.25,17859710.0
2023-06-05,1119.9348624,1127.44739563,1115.96297928,1124.49685388,11090609.88545578,3315.0,3327.0,3285.05,3288.8999,1861468.0,807.25,808.25,801.225,802.2,18697242.0
2023-06-06,1127.31121677,1129.24041715,1117.574429,1125.45015122,7618277.72814942,3280.0,3288.8501,3220.6001,3232.3,2022849.0,803.825,804.925,796.125,799.7,32182852.0
2023-06-07,1128.9226665,1134.82375,1122.38612709,1133.98393503,10484531.18821315,3253.0,3278.8501,3241.0,3274.8999,1567196.0,801.725,806.275,798.0,803.85,24949026.0
2023-06-08,1137.547327,1142.47250747,1130.7383845,1134.66482928,12272423.36089635,3261.0,3270.0,3233.0,3236.45,1759366.0,801.625,813.0,801.625,804.35,37395522.0
2023-06-09,1138.0012565,1138.70484723,1124.837301,1126.63032253,5975031.36500272,3245.0,3250.0,3205.3501,3209.3,1775689.0,807.95,809.25,803.5,805.3,18212578.0
2023-06-12,1123.70247725,1129.9213114,1118.9362175,1127.62892203,6498570.81330912,3215.0,3254.3999,3211.0,3246.8999,2324605.0,806.275,807.9,799.725,800.4,13408292.0
2023-06-13,1132.5541025,1145.46839678,1128.58221938,1144.28822547,11435603.98696273,3260.0,3265.0,3239.0,3243.7,1371928.0,795.05,804.5,795.05,801.75,27926108.0
2023-06-14,1144.3562695,1159.7898725,1142.5405515,1158.36003997,13498812.04019567,3243.7,3255.8501,3225.8501,3251.05,1658544.0,805.225,806.0,800.1,800.875,20113968.0
2023-06-15,1158.3372981,1163.21704023,1150.93824725,1158.67774523,12010512.64568617,3245.3,3247.45,3210.0,3216.3,2273810.0,802.0,802.975,789.5,791.025,35377476.0
2023-06-16,1162.1503059,1172.22749541,1162.1503059,1169.95784791,24574697.17213796,3197.0,3199.3999,3156.0,3174.8999,4156189.0,793.575,804.6,792.0,801.375,15779272.0
2023-06-19,1172.953828,1172.953828,1154.18379778,1158.3372981,6911936.76551094,3190.0,3214.8999,3175.0,3210.3999,1468186.0,805.5,807.125,799.175,802.075,24829146.0
2023-06-20,1156.40809773,1163.875238,1150.7112825,1160.74316984,7036522.19122132,3214.0,3232.5,3201.05,3227.7,1528452.0,802.075,805.5,795.325,803.75,20005626.0
2023-06-21,1160.6977315,1166.53077097,1156.612366,1164.01141685,7077704.79777146,3250.0,3261.3999,3223.95,3258.2,1645987.0,808.0,818.625,805.5,817.8,24308946.0
2023-06-22,1160.243802,1168.09678235,1149.349494,1150.93824725,7746233.72131576,3260.0,3267.6499,3230.1001,3238.5,1529603.0,820.0,828.775,819.525,821.8,56596140.0
2023-06-23,1147.94226716,1149.98494991,1140.270904,1141.51921013,6739116.9774161,3237.3,3249.3999,3209.1499,3216.3501,1119505.0,818.775,829.95,817.025,821.75,21339218.0
2023-06-26,1138.0012565,1141.81421891,1129.69434665,1132.80376373,12851980.31852964,3205.0,3213.8999,3173.0,3189.6499,1978803.0,822.5,825.375,814.35,817.775,16130314.0
2023-06-27,1133.25769323,1139.13608025,1128.76374578,1133.21230028,9851060.57218136,3202.0,3209.6499,3182.3,3197.3501,863542.0,821.475,836.45,819.275,829.3,33831864.0
2023-06-28,1140.7248335,1152.00502697,1133.84784697,1148.21467025,11543360.80823123,3208.0,3230.95,3193.3999,3215.45,1575872.0,835.0,839.95,830.25,838.075,59562950.0
2023-06-30,1155.88603341,1160.53881078,1150.00769177,1157.63370737,11337533.6919059,3220.0,3310.0,3214.1001,3302.25,2672406.0,852.0,854.4,841.625,850.7,40699016.0
2023-07-03,1161.17435748,1190.203149,1159.94879322,1187.34339315,12357090.6935989,3314.3,3318.8,3268.75,3272.3,1687264.0,856.25,878.75,855.0,859.9,44104116.0
2023-07-04,1191.5649375,1191.5649375,1168.07408588,1175.10999313,8196089.92145256,3290.0,3315.0,3277.3,3308.8501,1656681.0,861.725,873.5,856.9,864.1,38795188.0
2023-07-05,1184.3020655,1184.3020655,1169.2316061,1173.18079275,10418972.5497021,3320.0,3329.0,3305.0,3319.95,1453008.0,858.125,860.0,834.275,836.65,37165754.0
2023-07-06,1169.34508848,1200.39386628,1169.34508848,1197.80646813,19436824.44079973,3306.55,3328.45,3302.0,3322.8999,1848238.0,836.5,843.925,830.2,837.5,52156544.0
2023-07-07,1196.1042325,1209.69942103,1192.926726,1195.46877659,13598331.89955709,3302.0,3356.8999,3302.0,3329.25,1789326.0,832.5,837.5,828.15,830.2,19926336.0
2023-07-10,1220.57098716,1251.029702,1214.2614125,1241.51987898,33794371.15234855,3324.75,3324.75,3265.2,3271.95,1407431.0,830.5,838.375,824.85,828.225,38398442.0
2023-07-11,1249.62247516,1257.384715,1242.67744459,1254.97888865,20404051.7305,3295.0,3295.0,3260.8,3272.3999,1110172.0,831.5,838.0,822.75,824.2,50670426.0
2023-07-12,1255.70517585,1271.910459,1253.59435828,1256.36337363,19046265.99504989,3280.95,3289.1499,3250.1001,3259.8999,1515240.0,827.675,833.15,813.575,816.475,70958358.0
2023-07-13,1263.69428966,1270.5486705,1242.51852388,1245.1286185,14927807.0713624,3284.0,3367.45,3272.75,3340.55,4585146.0,828.35,828.725,819.025,820.55,41913546.0
2023-07-14,1248.306125,1253.25391116,1237.00332584,1244.08458065,15376374.52511899,3365.0,3524.8501,3352.0,3514.6499,6306101.0,826.8,826.8,817.5,822.25,24727214.0
2023-07-17,1246.9443365,1277.83423898,1238.319676,1269.50463265,22590611.53769473,3510.0,3549.8999,3477.05,3491.7,2743228.0,825.0,841.0,816.5,839.45,49252928.0
2023-07-18,1278.7194015,1288.00225977,1267.8250935,1280.28545828,26298711.58406757,3476.0,3524.0,3465.0,3496.8501,2600090.0,849.0,852.0,835.0,838.75,81076818.0
2023-07-19,1284.620485,1296.422652,1269.6408115,1289.99959497,39774610.37451851,3500.0,3516.8501,3445.6499,3470.05,2405370.0,840.55,844.375,837.5,842.55,32935134.0
2023-07-20,1290.0,1315.475,1290.0,1309.92505,38717624.0,3453.1001,3478.8999,3436.05,3463.3,1715404.0,840.575,846.0,840.0,844.375,56210948.0
2023-07-21,1304.5,1307.44995,1261.80005,1269.375,30249238.0,3404.05,3434.8999,3359.05,3368.3,3770223.0,840.0,844.9,836.625,837.875,42154248.0
2023-07-24,1240.5,1257.475,1234.65,1243.69995,23727866.0,3381.0,3413.45,3372.1001,3394.75,1680132.0,839.25,842.325,835.05,839.2,32179444.0
2023-07-25,1247.0,1252.6,1240.0,1242.9,12026020.0,3397.5,3406.8,3380.2,3399.1499,1272980.0,842.325,849.5,839.2,848.3,55992596.0
2023-07-26,1242.5,1273.5,1242.5,1263.1,12911012.0,3400.3501,3420.8501,3385.0,3388.3,1066803.0,849.8,849.8,844.0,845.35,24794358.0
2023-07-27,1267.025,1268.82495,1245.17505,1251.35,17226898.0,3394.95,3411.6499,3385.05,3396.8999,1701769.0,849.95,851.5,833.725,836.575,59741302.0
2023-07-28,1256.025,1271.42505,1250.275,1263.92505,20827852.0,3385.0,3393.7,3331.0,3355.3999,2599831.0,830.75,834.45,820.55,821.75,41015684.0
2023-07-31,1263.92505,1276.94995,1258.975,1274.625,8551174.0,3364.3999,3426.6499,3360.8999,3421.45,2743678.0,825.025,828.4,819.35,825.6,34565006.0
2023-08-01,1277.5,1279.5,1252.65,1256.6,9536632.0,3415.0,3460.0,3415.0,3452.05,1956167.0,827.225,833.725,825.0,831.125,35394188.0
2023-08-02,1254.6,1256.0,1231.80005,1243.17505,12748214.0,3434.95,3446.3999,3413.6001,3440.6499,1914899.0,821.0,825.75,816.575,820.25,28116322.0
2023-08-03,1237.65,1250.44995,1229.025,1237.94995,10168350.0,3420.0,3433.25,3368.0,3399.95,2026351.0,820.0,825.675,811.5,814.325,57673946.0
2023-08-04,1249.4,1258.0,1235.80005,1254.775,22885610.0,3401.25,3471.0,3401.25,3443.55,2248493.0,817.575,828.25,814.625,826.1,37388304.0
2023-08-07,1260.5,1264.19995,1252.5,1261.92505,5982870.0,3453.95,3488.0,3441.25,3484.05,1853889.0,831.55,831.55,823.775,825.625,28300918.0
2023-08-08,1264.0,1267.225,1249.775,1254.32495,9844072.0,3484.05,3489.95,3456.6001,3470.6001,1634225.0,825.85,827.8,821.025,824.95,43773828.0
2023-08-09,1252.42505,1264.5,1240.55005,1262.6,11486586.0,3464.8999,3467.0,3425.05,3462.5,1794589.0,826.5,827.25,815.55,825.25,33361236.0
2023-08-10,1262.475,1275.0,1254.225,1268.225,15470598.0,3450.0,3464.8999,3430.05,3442.1001,1096701.0,823.525,827.125,815.5,817.925,50781118.0
2023-08-11,1266.225,1279.42505,1256.17505,1273.57495,22179330.0,3438.1001,3466.6499,3414.0,3448.8,1679974.0,819.2,819.2,808.1,809.4,28225822.0
2023-08-14,1269.5,1291.15,1262.5,1288.625,9575812.0,3440.7,3455.0,3411.0,3449.8501,1190425.0,805.5,807.5,800.125,805.45,31304410.0
2023-08-16,1275.5,1291.4,1275.5,1287.57495,10203112.0,3450.0,3466.0,3435.2,3458.3999,1328445.0,791.55,804.825,790.65,803.1,34137542.0
2023-08-17,1283.55005,1289.05005,1266.42505,1269.0,13673744.0,3455.0,3460.8,3413.2,3435.75,1843241.0,798.8,804.95,797.0,798.65,52884040.0
2023-08-18,1265.625,1288.80005,1254.275,1278.4,18639978.0,3410.0,3410.0,3356.5,3367.1001,2526749.0,793.775,798.15,792.75,795.375,25633366.0
2023-08-21,1269.975,1277.725,1257.82495,1260.0,9221746.0,3375.0,3409.75,3372.0,3401.6499,1375579.0,800.25,800.25,793.5,794.75,21837270.0
2023-08-22,1258.44995,1268.975,1249.5,1259.69995,7713044.0,3400.0,3411.0,3365.05,3382.1499,1222012.0,798.175,799.0,790.0,791.35,32273570.0
2023-08-23,1262.1,1271.42505,1258.475,1261.1,9517952.0,3388.0,3402.0,3376.0,3398.25,1330046.0,790.0,795.275,786.625,793.3,36498588.0
2023-08-24,1269.94995,1269.94995,1235.5,1239.9,14140020.0,3408.0,3413.05,3378.1001,3387.75,1152881.0,796.65,798.1,788.075,789.65,43145792.0
2023-08-25,1228.0,1252.5,1221.30005,1234.17505,22222400.0,3375.0,3385.8,3350.25,3381.3,1158046.0,787.275,788.75,779.2,780.75,30069756.0
2023-08-28,1236.0,1242.0,1215.55005,1221.875,12580826.0,3394.0,3394.0,3360.1001,3375.55,1037485.0,780.75,791.325,780.75,788.875,28867238.0
2023-08-29,1226.025,1226.725,1204.07495,1210.17505,16876644.0,3381.05,3389.55,3365.0,3376.1499,944517.0,794.85,796.325,790.725,795.15,35538932.0
2023-08-30,1216.0,1221.5,1207.5,1209.025,12168946.0,3398.0,3408.1001,3383.05,3390.95,1188200.0,801.975,801.975,786.85,789.35,28084204.0
2023-08-31,1211.5,1212.5,1199.94995,1203.5,21638600.0,3401.0,3417.3999,3343.6499,3356.8,3417652.0,789.5,791.575,781.55,785.725,100075772.0
2023-09-01,1203.275,1212.82495,1200.82495,1206.32495,18112842.0,3366.0,3389.0,3356.8,3379.2,1277950.0,785.5,789.5,779.675,787.35,43226776.0
2023-09-04,1206.32495,1211.82495,1202.65,1205.35,9347626.0,3378.0,3432.8501,3370.05,3418.5,1828332.0,795.0,795.725,787.45,792.275,25073638.0
2023-09-05,1210.0,1216.975,1206.225,1211.80005,8675876.0,3420.0,3447.0,3405.1499,3429.3501,1501842.0,794.2,794.2,785.3,787.45,38712082.0
2023-09-06,1210.55005,1218.07495,1208.625,1214.35,8200370.0,3434.0,3443.8999,3398.1001,3429.8999,1314818.0,788.4,800.0,787.45,797.75,56320910.0
2023-09-07,1210.85,1219.125,1205.5,1216.0,13652572.0,3430.8,3460.0,3422.3,3455.25,1885092.0,797.75,807.0,793.575,805.425,34208342.0
2023-09-08,1220.0,1228.0,1211.475,1224.1,23109288.0,3455.25,3465.0,3435.05,3441.8999,1518917.0,804.15,816.45,803.8,811.7,34502210.0
2023-09-11,1226.0,1238.42505,1226.0,1237.30005,13271074.0,3462.0,3485.7,3445.0,3480.6499,1783604.0,814.45,818.25,812.0,815.9,31573022.0
2023-09-12,1241.5,1241.5,1217.975,1219.42505,16255666.0,3492.0,3589.8999,3483.0,3580.8,4476016.0,820.0,821.45,812.525,818.45,39033340.0
2023-09-13,1220.0,1231.32495,1213.125,1225.525,12803338.0,3571.1001,3588.8501,3545.0,3567.8501,1754929.0,815.65,825.8,814.3,821.95,46420094.0
2023-09-14,1230.0,1232.9,1222.5,1226.65,9209636.0,3570.05,3597.7,3545.6001,3560.05,2604721.0,822.125,825.0,817.55,821.45,23538848.0
2023-09-15,1234.0,1234.0,1224.75,1228.92505,25468592.0,3567.8501,3607.3501,3562.45,3598.3,2952897.0,825.0,835.0,825.0,830.875,173411202.0
2023-09-18,1220.025,1225.5,1216.025,1218.225,7516300.0,3580.05,3619.3,3575.25,3606.1499,1395753.0,826.875,827.5,813.05,814.525,37056288.0
2023-09-20,1211.525,1213.80005,1177.5,1191.07495,57081884.0,3580.0,3625.0,3580.0,3606.05,1649396.0,799.5,799.5,780.2,781.85,115474648.0
2023-09-21,1187.475,1195.05005,1180.0,1182.4,12226182.0,3588.55,3605.0,3528.0,3585.3,2004073.0,776.5,784.475,768.525,776.675,72841442.0
2023-09-22,1188.0,1191.225,1175.0,1177.475,19176786.0,3584.0,3633.75,3565.05,3603.6499,1989083.0,779.5,782.2,761.875,764.825,61704250.0
2023-09-25,1175.19995,1180.35,1167.55005,1170.225,14254884.0,3602.5,3620.0,3558.6499,3577.1499,1238778.0,762.5,770.35,762.5,765.5,40208754.0
2023-09-26,1169.275,1175.1,1167.80005,1171.25,10087782.0,3567.6001,3594.95,3536.0,3585.7,1726062.0,762.5,770.0,762.5,768.825,27575308.0
2023-09-27,1171.75,1185.9,1169.25,1184.44995,11722778.0,3590.0,3614.0,3555.7,3589.3,1541134.0,761.5,766.25,757.5,763.425,39338538.0
2023-09-28,1191.5,1191.5,1162.5,1167.05005,14518346.0,3600.0,3602.8,3527.3501,3536.75,1755753.0,767.0,768.8,759.175,761.85,55354188.0
2023-09-29,1170.9,1184.55005,1167.05005,1172.5,12342014.0,3537.2,3568.45,3505.55,3528.6001,2243791.0,761.85,767.725,761.15,763.15,32053782.0
2023-10-03,1164.975,1167.80005,1158.0,1159.07495,8859056.0,3534.2,3534.2,3480.1001,3513.8501,1948148.0,763.5,763.5,753.0,754.025,38971694.0
2023-10-04,1154.5,1159.5,1147.55005,1157.07495,10286386.0,3486.3,3548.0,3477.3,3537.75,1788138.0,747.5,767.5,744.625,764.775,54649430.0
2023-10-05,1159.625,1164.69995,1154.5,1157.05005,10953682.0,3554.0,3624.0,3551.2,3589.3501,2990768.0,767.525,775.775,766.3,767.875,48512674.0
2023-10-06,1158.525,1162.4,1156.025,1159.0,5431026.0,3591.0,3634.95,3575.05,3621.3999,2075691.0,772.0,772.5,764.925,767.025,17759356.0
2023-10-09,1154.05005,1155.975,1147.5,1149.125,7576878.0,3645.05,3679.0,3631.0,3638.3501,4233074.0,764.0,765.0,756.0,758.125,16454972.0
2023-10-10,1153.275,1158.94995,1151.875,1154.19995,10236032.0,3640.05,3648.0,3601.3501,3628.8999,1848148.0,760.275,764.5,757.6,762.425,33266292.0
2023-10-11,1157.225,1174.85,1156.5,1172.525,9814118.0,3650.0,3650.0,3605.0,3609.8999,2426417.0,765.05,771.075,764.25,769.8,31333360.0
2023-10-12,1171.92505,1179.67505,1169.07495,1174.69995,12554450.0,3575.0,3588.6499,3538.1001,3542.55,4241281.0,768.05,776.0,765.8,774.925,22025336.0
2023-10-13,1170.0,1178.75,1164.57495,1174.65,10150316.0,3530.0,3577.0,3525.0,3570.8501,2890357.0,770.0,774.4,764.975,767.875,39745300.0
2023-10-16,1172.5,1177.275,1168.0,1172.025,5929036.0,3566.0,3574.6499,3519.1001,3524.05,1671104.0,765.75,767.225,760.25,764.8,17856084.0
2023-10-17,1178.0,1179.85,1170.65,1177.625,7928180.0,3530.0,3534.1499,3503.3501,3507.05,1672065.0,777.875,777.875,767.5,770.6,32902558.0
2023-10-18,1177.625,1183.5,1160.5,1162.0,8918320.0,3511.0,3522.7,3484.0,3487.25,1408245.0,770.6,770.6,759.05,759.875,31216200.0
2023-10-19,1156.0,1160.9,1150.5,1153.07495,12032556.0,3469.5,3476.8501,3451.8999,3455.6499,1514545.0,752.7,763.125,751.6,757.475,30252364.0
2023-10-20,1150.0,1157.35,1148.15,1149.55005,8913312.0,3450.3999,3499.5,3444.05,3494.55,1481211.0,752.5,763.5,752.5,761.4,21094010.0
2023-10-23,1145.0,1153.125,1127.625,1131.6,7853962.0,3473.0,3478.95,3401.3,3410.1499,1106272.0,761.75,764.375,750.05,753.025,22376136.0
2023-10-25,1125.025,1140.6,1121.5,1128.975,11620688.0,3390.5,3425.0,3377.2,3390.1001,1518537.0,760.5,761.4,745.725,748.25,28311996.0
2023-10-26,1125.5,1129.0,1110.15,1113.25,15222534.0,3368.05,3373.7,3330.0,3336.75,1984471.0,745.625,746.0,730.125,731.7,55561798.0
2023-10-27,1120.0,1136.75,1117.975,1132.9,11771084.0,3350.0,3362.0,3337.0,3350.95,1108851.0,734.75,739.0,733.45,734.575,31940532.0
2023-10-30,1137.0,1162.5,1134.975,1156.25,16813304.0,3350.0,3382.8501,3333.75,3378.55,910972.0,731.625,744.975,730.95,742.55,23310982.0
2023-10-31,1164.0,1164.0,1141.44995,1143.94995,12808438.0,3399.0,3399.0,3350.05,3368.75,999811.0,752.0,752.0,737.0,738.25,32634824.0
2023-11-01,1144.57495,1158.75,1137.6,1148.69995,10309190.0,3355.0,3371.6001,3311.0,3330.6499,1563475.0,731.125,738.725,731.125,737.25,33877466.0
2023-11-02,1156.975,1162.15,1153.975,1160.1,10562104.0,3343.2,3375.95,3343.2,3360.1001,1245384.0,742.5,745.25,733.575,738.375,45225154.0
2023-11-03,1163.6,1167.475,1157.875,1159.85,8850156.0,3382.0,3387.8999,3344.3,3350.8999,1402598.0,744.0,745.7,740.825,741.875,18095340.0
2023-11-06,1166.15,1170.0,1162.80005,1169.5,10647304.0,3375.0,3392.3,3359.0,3380.25,1099852.0,749.0,749.0,741.5,747.25,25593730.0
2023-11-07,1167.025,1169.55005,1159.775,1161.9,6960204.0,3378.0,3404.1499,3366.0,3370.45,1191144.0,747.0,747.0,738.6,743.625,41952848.0
2023-11-08,1166.0,1170.5,1160.875,1167.94995,7884494.0,3371.45,3401.95,3369.55,3381.55,992899.0,741.975,746.725,740.5,745.775,31399546.0
2023-11-09,1167.92505,1167.94995,1152.1,1155.275,14513610.0,3390.1001,3391.5,3342.05,3347.45,2112352.0,743.0,746.3,741.75,742.825,22116740.0
2023-11-10,1152.775,1158.17505,1149.025,1157.44995,7734954.0,3338.0,3347.45,3322.3501,3333.45,1338557.0,740.05,748.0,740.025,745.75,14015186.0
2023-11-12,1163.025,1166.0,1161.25,1165.325,1419144.0,3350.0,3359.0,3345.0,3357.3,173243.0,750.0,751.0,748.075,750.0,3948270.0
2023-11-13,1161.44995,1162.30005,1155.85,1157.30005,3854810.0,3356.0,3356.0,3327.0,3331.55,1030990.0,746.05,747.975,742.95,744.4,20605914.0
2023-11-15,1170.0,1180.975,1163.5,1178.225,12220648.0,3383.1001,3413.0,3356.05,3404.3,2059802.0,752.05,755.475,750.275,752.2,41245460.0
2023-11-16,1175.55005,1187.07495,1173.475,1180.35,13134910.0,3430.05,3529.3501,3414.2,3497.8501,3951984.0,754.85,759.5,751.875,754.175,29713838.0
2023-11-17,1176.44995,1186.625,1176.025,1177.775,7758634.0,3497.8501,3524.5,3492.55,3502.45,2021292.0,745.0,753.75,744.5,752.55,23701874.0
2023-11-20,1174.275,1179.19995,1168.19995,1174.67505,4490186.0,3491.25,3533.8999,3491.25,3519.6001,1475621.0,756.5,756.5,750.775,752.6,19331452.0
2023-11-21,1183.0,1194.0,1180.1,1189.44995,8214450.0,3519.6001,3539.05,3501.0,3510.2,1807236.0,759.5,761.0,756.05,758.975,24959972.0
2023-11-22,1187.5,1197.225,1186.1,1194.1,8534814.0,3500.0,3532.6499,3481.1001,3530.1499,1798051.0,760.0,760.0,751.775,756.275,29123650.0
2023-11-23,1194.1,1200.0,1194.1,1197.75,8531542.0,3530.0,3544.0,3500.0,3508.25,2729804.0,754.25,761.925,754.25,760.65,13046220.0
2023-11-24,1195.80005,1201.30005,1195.525,1196.94995,6749486.0,3494.25,3504.55,3453.0,3457.1001,1989733.0,760.6,766.575,759.925,766.05,16469192.0
2023-11-28,1196.94995,1199.85,1187.625,1197.19995,13792174.0,3457.1001,3481.25,3433.0,3470.1499,1689195.0,767.6,768.625,762.9,764.325,28489338.0
2023-11-29,1204.0,1205.975,1199.025,1200.35,12531306.0,3481.0,3518.0,3475.8,3513.75,1441634.0,766.95,781.5,766.5,779.575,34042488.0
2023-11-30,1197.35,1200.35,1184.94995,1188.725,28439984.0,3499.45,3516.6499,3481.0,3487.6001,3266235.0,784.575,786.225,771.075,779.4,69491440.0
2023-12-01,1189.0,1198.19995,1188.80005,1197.15,14342842.0,3500.0,3516.95,3490.05,3511.6499,1172141.0,778.95,782.875,776.05,777.7,22153536.0
2023-12-04,1225.0,1225.0,1199.30005,1210.1,15590990.0,3544.6499,3547.8,3498.0,3512.45,1625213.0,794.0,806.0,786.825,804.7,50662456.0
2023-12-05,1219.5,1220.42505,1210.82495,1218.875,12693624.0,3538.0,3538.0,3502.8,3531.6001,1377656.0,818.25,819.5,808.25,811.85,52230820.0
2023-12-06,1223.55005,1236.475,1217.5,1230.55005,16422442.0,3532.6001,3612.8501,3525.1499,3604.1001,1896572.0,819.225,819.225,808.325,813.9,38613060.0
2023-12-07,1230.0,1230.475,1221.0,1228.525,8142096.0,3605.0,3630.55,3591.7,3614.8999,1967653.0,812.5,817.0,808.1,815.225,20450386.0
2023-12-08,1231.92505,1238.35,1222.5,1227.875,10204894.0,3633.0,3645.0,3602.05,3626.7,1641155.0,815.225,827.5,815.225,826.6,33728038.0
2023-12-11,1228.0,1233.80005,1226.19995,1229.67505,7066138.0,3622.8999,3653.0,3615.0,3642.8999,1102503.0,825.025,831.85,823.5,825.5,23187620.0
2023-12-12,1230.0,1232.475,1210.07495,1212.025,9197124.0,3638.95,3698.3999,3631.0,3672.1001,2236866.0,827.1,828.125,815.925,817.3,36581476.0
2023-12-13,1211.0,1219.17505,1203.15,1216.975,10031182.0,3643.55,3650.0,3563.0,3593.55,3850968.0,816.225,818.0,807.55,815.45,29346914.0
2023-12-14,1227.0,1237.475,1221.32495,1232.07495,16972354.0,3630.0,3678.0,3627.6001,3667.25,3290396.0,823.0,829.475,822.5,825.075,35172366.0
2023-12-15,1239.0,1250.0,1235.025,1247.80005,15932152.0,3666.7,3895.95,3666.7,3861.0,8531230.0,825.0,834.0,823.3,828.275,138837130.0
2023-12-18,1247.80005,1267.44995,1245.475,1260.5,14165188.0,3858.1001,3929.0,3830.1499,3859.2,2521612.0,830.35,832.35,825.475,827.85,18014754.0
2023-12-19,1277.5,1286.94995,1262.6,1279.05005,16820604.0,3845.0,3855.1001,3790.0,3816.2,2004435.0,825.0,829.325,822.025,826.45,24008446.0
2023-12-20,1285.525,1299.42505,1260.0,1263.57495,17736722.0,3827.25,3898.8,3766.55,3780.05,2586083.0,829.0,834.475,822.225,828.5,34232520.0
2023-12-21,1263.5,1286.75,1259.125,1281.275,13765454.0,3756.25,3806.7,3743.3501,3787.5,1517562.0,828.5,844.875,825.125,843.35,36589240.0
2023-12-22,1279.80005,1290.44995,1273.82495,1282.525,16541784.0,3800.0,3845.95,3762.0,3824.0,2413058.0,841.8,842.95,833.55,835.425,48578850.0
2023-12-26,1284.0,1295.975,1281.35,1289.025,7465664.0,3819.8501,3834.0,3790.1499,3795.55,1285231.0,836.625,842.975,834.275,841.225,18045856.0
2023-12-27,1291.0,1299.94995,1286.55005,1293.42505,9204156.0,3799.0,3818.2,3768.0,3811.2,1293976.0,840.75,853.25,839.3,851.65,27009078.0
2023-12-28,1294.9,1306.0,1293.42505,1302.775,12302636.0,3824.0,3838.0,3792.1001,3799.8999,1682889.0,854.65,860.7,851.0,852.625,44076470.0
2023-12-29,1305.55005,1307.0,1289.65,1292.475,10864584.0,3792.0,3822.6001,3765.3999,3793.3999,1574996.0,848.5,857.45,848.0,854.625,25011426.0
2024-01-01,1290.275,1303.42505,1286.57495,1295.125,4030540.0,3790.0,3832.0,3773.0,3811.1001,825907.0,853.0,854.575,846.0,849.05,14239686.0
2024-01-02,1292.5,1307.5,1286.5,1305.85,7448800.0,3811.1001,3811.1001,3767.25,3783.2,1344068.0,849.4,851.4,844.35,849.55,29242092.0
2024-01-03,1305.0,1317.0,1288.6,1291.65,9037536.0,3767.0,3771.8501,3687.05,3691.75,1803075.0,851.0,852.35,834.475,836.45,28389762.0
2024-01-04,1294.0,1304.92505,1289.55005,1298.32495,9612778.0,3701.75,3719.0,3651.0,3666.8,3598144.0,839.0,847.475,835.35,845.425,26734056.0
2024-01-05,1301.44995,1309.92505,1299.0,1303.85,8086406.0,3675.0,3747.75,3674.8501,3737.8999,1963127.0,843.575,852.45,834.05,841.1,31889470.0
2024-01-08,1305.0,1315.975,1284.475,1293.67505,7734652.0,3737.8999,3739.75,3672.3999,3678.3,1067805.0,839.25,841.175,830.0,831.725,17998470.0
2024-01-09,1300.0,1303.4,1288.6,1290.25,5403074.0,3709.95,3752.3501,3682.75,3689.8999,1370944.0,833.575,838.9,823.375,825.25,25326888.0
2024-01-10,1288.5,1329.5,1287.525,1325.05005,11102740.0,3690.0,3729.25,3688.0,3713.05,1292227.0,821.5,829.975,820.7,827.975,16115824.0
2024-01-11,1329.5,1362.5,1328.5,1359.9,23725852.0,3724.0,3773.0,3707.0,3735.55,1777909.0,830.0,831.45,821.5,824.5,18314010.0
2024-01-12,1359.9,1373.32495,1345.75,1370.725,15012164.0,3848.0,3905.25,3821.6001,3882.8,6813450.0,826.0,828.0,816.8,820.6,19773552.0
2024-01-15,1375.0,1396.44995,1366.0,1394.125,8610594.0,3960.0,3965.0,3885.0,3903.8,2801505.0,823.85,840.45,821.8,836.4,28320356.0
2024-01-16,1389.975,1396.30005,1370.5,1374.625,9069024.0,3899.0,3899.0,3855.55,3861.3,1432672.0,836.5,841.825,829.05,839.575,25322500.0
2024-01-17,1359.5,1386.275,1355.025,1361.57495,12197382.0,3819.0,3909.95,3812.55,3884.6001,3458696.0,785.0,798.4,764.2,768.75,170145236.0
2024-01-18,1351.4,1371.0,1351.25,1367.94995,10279438.0,3898.0,3908.8,3862.0,3902.6001,2239110.0,747.0,757.5,740.025,743.075,161070930.0
2024-01-19,1376.0,1376.0,1359.0,1367.44995,10422704.0,3945.0,3963.55,3915.05,3943.05,2941975.0,752.975,755.125,734.2,735.325,109600538.0
2024-01-20,1365.0,1383.475,1350.0,1356.65,7283394.0,3948.0,3955.6499,3855.55,3860.6499,516477.0,741.6,747.85,738.0,739.425,25840586.0
2024-01-23,1371.75,1371.75,1322.55005,1328.57495,20055420.0,3900.0,3933.8999,3842.75,3858.25,2618854.0,732.5,737.35,712.5,713.675,115469402.0
2024-01-24,1335.225,1349.5,1323.92505,1343.875,21919128.0,3880.0,3883.6499,3805.6001,3841.8,2657709.0,690.125,729.225,690.125,727.95,86004404.0
2024-01-25,1342.94995,1364.15,1335.19995,1353.07495,11808872.0,3839.8999,3861.0,3778.7,3810.3,2205154.0,726.25,728.675,709.7,717.45,98941852.0
2024-01-29,1364.5,1452.5,1360.17505,1448.05005,23893438.0,3800.8,3820.0,3780.8501,3801.0,1646747.0,724.025,731.4,722.9,727.325,65645498.0
2024-01-30,1459.94995,1459.975,1404.42505,1407.625,14093978.0,3807.45,3847.8,3787.0,3800.55,1411621.0,727.275,731.6,720.45,722.15,41728768.0
2024-01-31,1404.0,1434.25,1402.5,1426.625,15130226.0,3811.2,3834.0,3796.45,3815.95,2459358.0,719.75,737.475,718.4,731.275,65761040.0
2024-02-01,1435.0,1443.35,1418.05005,1426.65,13349362.0,3820.0,3904.8999,3805.05,3854.1499,2363107.0,732.525,736.8,728.025,733.175,32690740.0
2024-02-02,1433.17505,1474.9,1433.17505,1457.69995,19652588.0,3875.05,3984.3999,3872.0,3966.3,2826510.0,737.5,740.425,721.025,723.075,44867754.0
2024-02-05,1460.75,1470.5,1431.525,1439.025,8814432.0,3983.0,4022.0,3962.1001,3973.3,1691523.0,723.0,725.95,717.025,722.425,38605046.0
2024-02-06,1441.85,1441.85,1419.82495,1427.80005,9047984.0,3997.0,4149.8999,3990.0,4136.0,4474396.0,722.775,724.85,716.3,722.05,41075740.0
2024-02-07,1435.92505,1449.5,1429.25,1442.15,9296568.0,4153.0,4155.0,4073.95,4083.3999,2124267.0,726.5,726.9,713.325,714.975,54837086.0
2024-02-08,1450.0,1459.475,1427.525,1450.125,14694634.0,4090.0,4158.0,4086.05,4134.1001,2345173.0,714.925,719.475,700.25,701.525,69106124.0
2024-02-09,1454.0,1471.975,1450.94995,1460.75,12556798.0,4136.5498,4184.75,4100.0,4133.7002,2100596.0,696.075,707.1,693.5,701.8,56642124.0
2024-02-12,1460.75,1461.0,1442.35,1452.35,6674430.0,4130.0,4159.6001,4105.5498,4120.7002,1013716.0,699.825,706.825,691.675,695.0,34447812.0
2024-02-13,1455.5,1479.0,1454.0,1465.1,7715594.0,4125.4502,4170.0,4081.5,4149.5,1257415.0,695.975,702.175,692.175,697.225,57580994.0
2024-02-14,1457.5,1483.65,1457.5,1481.375,7117888.0,4107.0,4114.8999,4049.5,4100.1001,1391283.0,688.0,695.75,681.775,692.025,91320810.0
2024-02-15,1483.35,1484.725,1466.525,1470.6,10006782.0,4128.0,4146.2998,4083.0,4103.2002,1091582.0,692.5,707.75,692.175,707.025,41584944.0
2024-02-16,1476.475,1477.0,1458.55005,1460.57495,9767498.0,4113.25,4147.9502,4100.1001,4128.2998,1307556.0,711.95,713.85,704.225,709.95,32175742.0
2024-02-19,1462.05005,1479.5,1453.525,1474.0,6729828.0,4123.0498,4128.2998,4055.0,4103.7998,772291.0,714.5,714.5,707.6,708.55,34451756.0
2024-02-20,1475.025,1475.5,1461.80005,1471.025,7117496.0,4082.1001,4098.0,4010.0,4030.6499,1193648.0,707.5,728.625,705.9,727.15,56133508.0
2024-02-21,1474.0,1488.525,1457.55005,1467.69995,12720292.0,4013.0,4063.3501,3980.6001,3991.5,1885939.0,732.0,732.0,717.5,719.575,45893136.0
2024-02-22,1468.15,1484.94995,1458.0,1481.75,18493728.0,3971.0,4094.95,3971.0,4087.1001,2982052.0,708.875,714.4,706.1,709.775,50560882.0
2024-02-23,1489.5,1497.55005,1483.35,1493.625,14438584.0,4130.0,4130.0,4046.3999,4052.1001,2538072.0,711.275,716.95,709.0,710.3,29833452.0
2024-02-26,1493.55005,1494.525,1482.5,1487.32495,7513106.0,4036.0,4050.0,3982.75,4001.05,1379284.0,706.775,717.425,706.775,711.15,23506870.0
2024-02-27,1483.025,1499.94995,1478.05005,1485.65,10826044.0,3999.0,4124.0,3999.0,4104.3999,2960475.0,706.775,713.35,706.525,710.075,32087150.0
2024-02-28,1483.0,1491.275,1450.17505,1455.625,8647950.0,4095.6001,4154.8999,4089.0,4118.9502,1939225.0,710.075,712.1,702.0,704.7,25321986.0
2024-02-29,1465.0,1478.975,1454.525,1460.80005,23628976.0,4099.0,4138.1001,4064.55,4095.1001,3772719.0,701.05,705.2,698.65,701.7,53295700.0
2024-03-01,1463.5,1500.0,1462.5,1492.125,12132926.0,4107.2002,4140.0,4086.8,4094.3501,2043265.0,700.0,716.375,700.0,715.375,34738898.0
2024-03-02,1492.0,1500.44995,1488.0,1491.07495,716300.0,4112.7002,4129.5,4090.1499,4107.1001,65057.0,717.275,718.0,714.05,715.375,1790530.0
2024-03-04,1490.475,1512.44995,1487.225,1507.4,10024420.0,4105.0,4117.8999,4075.8999,4080.7,1749271.0,715.475,718.5,712.15,716.35,35616474.0
2024-03-05,1505.775,1507.4,1486.05005,1500.19995,7107668.0,4062.0,4064.0,3980.0,4012.1001,2070859.0,711.0,721.5,710.825,720.425,37991672.0
2024-03-06,1493.44995,1509.0,1478.5,1503.0,7805676.0,3994.05,4072.0,3958.45,4064.3,1744204.0,716.775,726.425,716.775,721.3,42409530.0
2024-03-07,1502.975,1503.1,1475.55005,1478.92505,8315726.0,4065.0,4124.0,4037.7,4108.6001,2688905.0,722.75,725.525,720.7,723.05,49348046.0
2024-03-11,1489.0,1489.0,1463.5,1466.6,11277130.0,4089.0,4153.0,4089.0,4122.3501,2304068.0,715.0,722.975,711.5,713.9,50531094.0
2024-03-12,1466.6,1488.0,1465.025,1475.42505,9432678.0,4122.3501,4229.9502,4121.0498,4192.25,4039801.0,717.0,732.0,714.625,729.775,65418454.0
2024-03-13,1479.775,1483.1,1427.775,1432.17505,13522134.0,4205.0,4241.0,4131.8999,4149.0,2837260.0,732.75,735.8,725.05,730.2,63067454.0
2024-03-14,1439.69995,1448.525,1425.5,1431.475,18571102.0,4153.4502,4225.0,4086.0,4207.6001,2919608.0,731.05,733.0,722.15,727.725,52432158.0
2024-03-15,1425.94995,1433.225,1412.9,1418.225,19223818.0,4192.6001,4239.0,4177.0,4219.25,3373143.0,725.0,729.65,721.125,726.325,143613804.0
2024-03-18,1420.0,1441.725,1416.525,1439.475,9169392.0,4215.25,4254.75,4117.8501,4152.5,1526904.0,723.5,728.0,717.9,723.025,21437856.0
2024-03-19,1428.75,1437.6,1417.25,1425.25,8275764.0,4051.25,4058.0,3966.6001,3977.3,8931209.0,717.75,726.2,717.75,724.675,36183594.0
2024-03-20,1427.94995,1445.0,1424.025,1443.75,8488806.0,3986.0,4018.0,3960.2,3970.8999,1817913.0,724.525,725.825,712.325,715.525,43606094.0
2024-03-21,1452.525,1457.9,1444.67505,1450.975,13006936.0,3990.05,4008.3999,3948.0,3972.95,3829582.0,721.3,725.625,719.15,722.875,28922860.0
2024-03-22,1449.975,1460.0,1447.35,1455.025,19527608.0,3897.0,3938.0,3855.0,3910.8999,5852485.0,720.5,725.375,718.875,721.425,45980326.0
2024-03-26,1445.0,1452.4,1439.0,1441.57495,11415906.0,3875.0,3946.7,3871.45,3877.5,3440925.0,713.6,718.975,711.075,712.7,56844290.0
2024-03-27,1448.0,1500.0,1447.0,1492.85,16326644.0,3888.5,3895.0,3829.3999,3840.8999,1968575.0,711.775,723.975,710.625,720.35,62168668.0
2024-03-28,1492.875,1505.94995,1478.65,1485.85,21854364.0,3850.1001,3915.0,3840.5,3876.3,4311783.0,720.35,730.25,720.35,723.95,55592142.0
2024-04-01,1492.475,1493.975,1482.5,1484.775,5013880.0,3897.7,3933.3,3888.05,3916.75,1569676.0,729.0,736.9,727.8,735.25,25199570.0
2024-04-02,1484.0,1494.0,1475.0,1486.94995,8910166.0,3890.0,3909.8501,3873.0,3883.8,2142666.0,732.575,747.425,731.625,740.075,41225446.0
2024-04-03,1482.07495,1484.44995,1468.9,1471.6,7008292.0,3851.0,3981.0,3851.0,3947.3,3973090.0,736.05,747.825,735.7,741.15,45584386.0
2024-04-04,1479.75,1479.75,1450.0,1462.92505,14490272.0,3975.8999,4028.6499,3935.25,4003.3,3394637.0,752.0,765.0,752.0,763.8,88935066.0
2024-04-05,1460.875,1470.80005,1456.0,1460.1,7442298.0,3978.0,4002.0,3960.5,3979.25,1636819.0,769.5,777.25,765.075,774.775,59055902.0
2024-04-08,1462.975,1490.975,1461.0,1485.975,8357118.0,3983.0,4032.6499,3960.0,3972.55,2302538.0,777.475,778.625,770.775,773.3,20482940.0
2024-04-09,1489.0,1489.80005,1462.5,1463.65,7071414.0,3984.0,4015.8501,3925.05,3946.55,1876992.0,777.425,777.425,770.15,774.275,21884494.0
2024-04-10,1466.35,1487.0,1466.35,1479.57495,9138330.0,3956.3999,3990.2,3918.0,3984.6499,2101965.0,774.95,774.95,766.475,768.175,27807400.0
2024-04-12,1475.875,1486.475,1463.07495,1467.15,15551012.0,3971.0,4013.3501,3945.5,4001.3999,4354821.0,760.5,764.925,756.725,759.475,41084208.0
2024-04-15,1461.0,1482.125,1446.32495,1464.82495,12902062.0,4001.3999,4064.2,3919.05,3941.2,4200329.0,748.775,755.0,746.025,747.35,23415248.0
2024-04-16,1453.35,1471.17505,1450.92505,1465.75,9366184.0,3902.0,3928.7,3862.8501,3872.8,3051420.0,743.5,756.45,741.125,754.625,20744886.0
2024-04-18,1463.5,1486.0,1459.35,1464.32495,19005692.0,3876.8,3936.0,3850.0,3862.0,3476284.0,754.9,759.425,745.525,747.35,34234884.0
2024-04-19,1456.775,1474.0,1443.025,1470.125,15741778.0,3838.0,3852.55,3800.8999,3826.2,2957749.0,743.275,767.475,740.125,765.65,34576434.0
2024-04-22,1472.44995,1482.82495,1467.80005,1479.85,10350362.0,3837.0,3878.0,3812.0,3864.6001,1728883.0,778.7,778.7,754.15,756.1,42298438.0
2024-04-23,1479.0,1493.5,1455.55005,1459.32495,14605554.0,3877.05,3895.0,3860.6001,3874.7,1807586.0,763.15,763.25,751.625,753.8,26827060.0
2024-04-24,1463.5,1468.55005,1449.5,1450.17505,10462776.0,3890.0,3898.0,3824.45,3831.05,1317312.0,757.5,760.875,754.525,755.85,22441580.0
2024-04-25,1442.5,1467.975,1441.5,1459.975,15943926.0,3811.2,3873.6499,3811.0,3852.2,2856271.0,753.125,759.85,753.125,755.375,35445204.0
2024-04-26,1463.94995,1465.0,1450.0,1452.55005,9413848.0,3855.1499,3876.8,3802.55,3821.3501,2039178.0,759.9,764.0,752.775,754.9,24854694.0
2024-04-29,1450.0,1467.9,1450.0,1465.025,7247974.0,3838.0,3877.8,3819.2,3870.2,1110693.0,757.5,767.225,753.275,764.75,36093350.0
2024-04-30,1468.0,1483.07495,1462.875,1467.0,11474262.0,3872.0,3881.75,3810.0,3820.6499,2203078.0,764.6,769.75,757.45,760.05,52307382.0
2024-05-02,1472.0,1477.32495,1464.125,1466.55005,14512646.0,3778.05,3871.1001,3778.05,3863.3,2491044.0,761.0,768.5,760.175,766.125,33475006.0
2024-05-03,1471.0,1474.94995,1416.15,1434.0,17226958.0,3890.1499,3893.6001,3797.6001,3843.3999,2962234.0,766.625,770.3,753.6,759.8,31865242.0
2024-05-06,1435.5,1440.0,1418.0,1419.525,7394208.0,3853.0,3939.95,3853.0,3921.05,2053831.0,761.0,767.25,758.575,761.325,28793396.0
2024-05-07,1415.975,1420.75,1392.0,1401.475,14517472.0,3930.8,3988.0,3913.5,3978.95,2062112.0,760.975,762.025,752.075,753.075,28480602.0
2024-05-08,1397.5,1432.94995,1397.5,1418.55005,9439002.0,3961.0,3984.3,3938.6001,3976.95,1247685.0,747.975,748.475,740.175,741.325,41687862.0
2024-05-09,1413.0,1423.75,1390.0,1394.125,11009612.0,3962.0,3971.0,3910.05,3960.2,1726486.0,737.475,743.375,722.65,723.75,46281278.0
2024-05-10,1396.75,1410.0,1388.07495,1407.42505,10505096.0,3962.6001,3973.6001,3885.05,3893.8999,1672489.0,719.5,725.975,713.4,718.95,27276608.0
2024-05-13,1399.9,1406.975,1384.0,1402.69995,8456620.0,3884.5,3955.0,3870.0,3947.8,931326.0,716.0,729.9,715.15,727.625,27047202.0
2024-05-14,1400.975,1427.07495,1400.025,1420.07495,7188300.0,3936.0,3945.8,3892.8999,3901.2,1058317.0,726.125,732.75,725.15,730.475,25665142.0
2024-05-15,1420.5,1429.975,1413.025,1416.275,5046534.0,3904.5,3926.95,3875.5,3880.3999,1115021.0,729.85,729.85,717.9,719.25,38931996.0
2024-05-16,1418.55005,1427.5,1398.025,1425.35,14711774.0,3891.1001,3909.5,3843.5,3900.95,2599399.0,723.025,731.275,717.75,730.125,34945236.0
2024-05-17,1423.05005,1437.19995,1413.25,1435.69995,10916476.0,3919.0,3920.0,3830.0,3834.1001,2765804.0,723.1,734.0,723.1,732.05,20920190.0
2024-05-18,1437.5,1439.5,1432.69995,1434.82495,426040.0,3847.0,3861.8999,3840.0,3851.45,91066.0,733.0,733.55,731.525,733.025,1057114.0
2024-05-21,1425.6,1441.82495,1425.6,1436.125,11176128.0,3830.6001,3844.75,3810.05,3820.2,1908117.0,725.05,734.85,725.05,729.4,43769978.0
2024-05-22,1436.275,1468.775,1436.275,1460.65,10281604.0,3835.0,3841.25,3817.55,3832.0,1311168.0,728.925,732.8,724.075,729.6,39996278.0
2024-05-23,1458.55005,1492.225,1455.0,1486.05005,14608260.0,3840.95,3905.0,3825.5,3893.45,2095742.0,729.325,747.825,728.525,746.3,40861920.0
2024-05-24,1483.625,1488.5,1476.1,1480.25,7094776.0,3878.25,3883.8,3844.3,3849.5,1309452.0,743.75,759.95,743.0,758.6,31060206.0
2024-05-27,1480.225,1484.9,1461.55005,1466.25,6629010.0,3855.0,3908.3501,3841.3501,3847.05,1841538.0,761.675,772.5,759.525,763.85,29385440.0
2024-05-28,1468.0,1478.5,1452.75,1456.19995,7820162.0,3858.0,3870.0,3830.0,3839.8999,1801993.0,765.05,768.025,762.4,765.25,27908904.0
2024-05-29,1446.5,1458.0,1438.44995,1440.775,7383556.0,3848.8999,3848.8999,3800.0,3803.6499,1568095.0,759.0,761.925,750.625,754.15,35147706.0
2024-05-30,1435.5,1440.4,1420.1,1424.85,13206858.0,3777.0,3794.3999,3715.45,3736.1001,2919230.0,749.6,761.8,748.825,757.425,33755350.0
2024-05-31,1431.30005,1442.25,1422.25,1430.4,31069832.0,3740.0,3749.8,3653.75,3670.95,10956800.0,759.5,768.0,757.0,765.775,74079588.0
2024-06-03,1483.0,1514.5,1459.0,1510.32495,21527942.0,3732.8,3751.55,3696.0,3702.8501,2156773.0,799.5,799.5,775.0,786.1,72637256.0
2024-06-04,1498.05005,1498.05005,1359.30005,1397.275,36709098.0,3700.0,3745.0,3591.5,3715.0,3395997.0,778.5,779.5,727.0,741.575,89531240.0
2024-06-05,1422.0,1431.15,1384.1,1420.75,17464890.0,3716.0,3783.8,3700.0,3746.45,2799670.0,747.025,779.8,741.175,775.9,81631650.0
2024-06-06,1435.0,1443.69995,1421.35,1431.6,17855722.0,3781.0,3839.8999,3741.5,3830.3999,4328036.0,782.45,782.725,773.3,779.85,46422870.0
2024-06-07,1428.5,1472.0,1426.5,1469.94995,18558696.0,3837.3,3915.0,3837.3,3893.95,4552445.0,780.525,792.175,776.025,786.675,36712216.0
2024-06-10,1469.94995,1493.35,1468.07495,1471.4,9251760.0,3895.0,3905.8999,3841.8999,3858.7,1734661.0,787.0,790.325,778.8,780.65,22454058.0
2024-06-11,1469.0,1473.67505,1454.67505,1456.67505,11774902.0,3845.0,3879.95,3841.0,3852.1001,1419898.0,778.0,785.5,776.1,782.4,29545326.0
2024-06-12,1457.5,1476.0,1455.17505,1463.32495,10081742.0,3874.3999,3893.5,3827.45,3831.6499,2177001.0,787.5,794.15,783.2,787.075,39280436.0
2024-06-13,1472.0,1472.25,1460.1,1465.25,9181160.0,3856.8,3890.0,3852.0,3878.1499,1932323.0,790.875,792.85,787.0,790.375,24120192.0
2024-06-14,1470.0,1479.67505,1457.225,1477.55005,8157998.0,3889.0,3889.0,3828.0,3832.05,1860730.0,792.0,799.5,788.85,798.45,25540554.0
2024-06-18,1487.35,1487.4,1471.35,1481.025,7196766.0,3826.05,3842.0,3795.05,3815.1001,1774045.0,798.45,805.25,794.725,803.9,32415714.0
2024-06-19,1487.5,1487.5,1456.0,1458.65,8725874.0,3827.6499,3833.8501,3792.95,3801.7,1509050.0,806.7,834.95,802.0,828.925,90131196.0
2024-06-20,1459.0,1482.85,1450.1,1473.69995,16113776.0,3796.0,3809.95,3780.05,3787.25,2846526.0,834.9,840.725,826.0,834.675,41408742.0
2024-06-21,1473.625,1474.69995,1440.57495,1454.19995,31170360.0,3827.0,3877.8,3798.05,3810.75,4642195.0,836.425,836.425,821.575,832.875,51630776.0
2024-06-24,1445.525,1449.5,1437.5,1441.475,8878386.0,3808.75,3857.0,3791.3,3816.8,1702154.0,823.5,837.55,822.875,836.2,28544994.0
2024-06-25,1443.0,1455.92505,1441.0,1454.15,7045386.0,3817.0,3847.6499,3792.8999,3838.45,1338808.0,835.55,858.475,835.55,855.675,74521548.0
2024-06-26,1446.05005,1518.975,1445.125,1514.025,22014882.0,3844.5,3866.95,3841.0,3855.8501,1639845.0,853.975,855.45,845.55,850.75,47596666.0
2024-06-27,1513.75,1537.5,1506.0,1530.55005,28383030.0,3831.0,3942.0,3818.1001,3934.1499,4526556.0,848.05,856.5,843.3,848.075,55074650.0
2024-06-28,1531.025,1581.0,1531.025,1565.4,28957336.0,3917.8,3960.0,3897.8501,3904.1499,2731571.0,848.8,853.3,839.5,841.9,26476046.0
2024-07-01,1562.525,1579.4,1555.67505,1560.15,7724306.0,3884.0,4001.7,3884.0,3978.2,2658723.0,840.0,853.65,840.0,852.6,21187024.0
2024-07-02,1569.5,1573.5,1557.0,1565.17505,7749246.0,3993.6001,4023.3999,3982.55,4017.3999,2307449.0,857.5,867.45,851.375,865.3,45921690.0
2024-07-03,1566.32495,1575.0,1542.775,1552.42505,9049620.0,4020.0,4026.1001,3955.0,3965.25,1821198.0,895.5,897.0,882.325,884.325,123217802.0
2024-07-04,1557.0,1567.5,1550.80005,1554.025,6837176.0,3999.8501,4047.3501,3982.1001,4020.95,2518001.0,879.875,879.875,862.425,863.575,45848658.0
2024-07-05,1553.82495,1598.5,1548.0,1588.625,12269710.0,4010.0,4026.75,3988.0,4011.8,1668616.0,842.5,842.5,821.1,824.05,82242548.0
2024-07-08,1589.0,1608.80005,1582.525,1600.9,9500806.0,4022.0,4031.25,3978.05,3993.2,1758882.0,822.65,827.475,813.575,817.675,39087800.0
2024-07-09,1597.6,1600.5,1580.5,1590.275,6960002.0,3985.0,4006.95,3975.1001,3985.5,1305801.0,812.5,823.35,810.175,818.25,48550878.0
2024-07-10,1595.0,1597.5,1563.15,1584.225,7134578.0,3983.7,4003.3,3902.0,3909.1499,2669716.0,814.975,820.0,810.375,813.05,45507182.0
2024-07-11,1587.5,1604.25,1570.5,1580.65,11940946.0,3931.0,3980.0,3895.6001,3923.7,4872189.0,811.975,812.925,800.5,810.95,44177074.0
2024-07-12,1584.5,1605.15,1574.5,1596.725,12924784.0,3980.0,4199.9502,3971.3,4183.9502,13509164.0,811.0,819.2,805.575,811.35,56049960.0
2024-07-15,1604.44995,1605.85,1585.5,1597.225,5329688.0,4235.7002,4240.0,4157.0498,4167.3501,4848030.0,811.75,814.9,807.6,811.5,33375694.0
2024-07-16,1593.5,1600.0,1569.125,1574.15,9386838.0,4172.0,4194.5498,4144.8999,4178.4502,2029521.0,810.375,813.5,808.4,809.875,28950324.0
2024-07-18,1576.0,1593.9,1557.82495,1586.67505,12298374.0,4160.0,4325.0,4160.0,4315.5498,5613364.0,804.0,811.975,799.575,807.4,33717064.0
2024-07-19,1586.0,1589.975,1552.80005,1555.15,13140390.0,4317.3999,4358.75,4285.25,4302.3999,3903354.0,808.0,811.5,801.75,803.65,26002152.0
2024-07-22,1537.25,1537.5,1499.275,1500.67505,19674376.0,4299.9502,4319.9502,4265.0,4287.3501,1896386.0,808.5,825.5,806.325,821.275,53744822.0
2024-07-23,1501.0,1505.75,1463.0,1487.9,18052044.0,4283.0,4361.7002,4266.2998,4302.3501,2365208.0,823.775,823.9,802.5,809.2,52002152.0
2024-07-24,1485.0,1509.5,1476.4,1495.69995,11913362.0,4287.5,4339.1001,4268.1001,4306.25,1809793.0,804.075,810.5,794.025,802.025,61728206.0
2024-07-25,1481.0,1500.475,1477.07495,1492.4,12519876.0,4295.0,4343.0,4274.2002,4322.5,2810342.0,796.5,812.5,796.5,808.3,25535732.0
2024-07-26,1492.4,1512.42505,1490.35,1509.025,9859940.0,4350.0,4422.4502,4337.0498,4387.8501,3552210.0,802.5,810.875,798.225,809.075,43810540.0
2024-07-29,1511.94995,1527.5,1511.775,1520.1,7538550.0,4415.0,4431.0,4371.0,4381.1001,1746803.0,807.5,815.925,799.15,802.525,51001148.0
2024-07-30,1517.025,1525.0,1510.0,1513.15,8228208.0,4391.1001,4398.0,4327.2998,4365.3501,1797906.0,801.0,817.375,799.5,807.775,54595834.0
2024-07-31,1504.0,1510.44995,1501.15,1505.42505,10057346.0,4350.0,4414.0,4345.0,4385.3501,2330091.0,807.0,813.95,804.6,807.875,37820484.0
2024-08-01,1512.0,1518.0,1504.30005,1515.30005,10764222.0,4399.3999,4419.2998,4365.0498,4397.1001,2202244.0,811.45,825.025,808.975,819.4,26215174.0
2024-08-02,1505.0,1509.32495,1493.275,1499.32495,10268248.0,4365.0,4398.0,4270.0,4283.0498,2811282.0,815.5,835.25,815.5,829.575,44119238.0
2024-08-05,1480.0,1483.9,1433.25,1447.32495,17046704.0,4239.0,4239.0,4110.5,4155.0498,2787771.0,820.05,823.0,800.5,807.875,41333634.0
2024-08-06,1455.15,1477.5,1451.32495,1456.05005,10236186.0,4170.9502,4258.25,4160.7998,4171.2002,2203067.0,815.0,816.475,796.65,800.6,45116050.0
2024-08-07,1469.0,1472.5,1461.5,1464.82495,8174568.0,4228.0,4244.9502,4180.2998,4200.4502,1237666.0,808.5,815.0,801.1,811.75,42346264.0
2024-08-08,1457.525,1465.0,1445.92505,1449.125,12387192.0,4181.0,4232.0,4160.0,4172.5498,2441283.0,812.0,826.65,809.625,821.35,33976950.0
2024-08-09,1460.0,1476.5,1456.0,1474.30005,6249776.0,4217.0,4253.6499,4205.5498,4228.75,1302536.0,826.0,831.275,822.9,825.1,26644618.0
2024-08-12,1470.0,1473.0,1457.75,1460.625,8184584.0,4230.0,4239.0,4186.3501,4195.6499,936912.0,826.0,837.975,823.675,830.05,39316196.0
2024-08-13,1460.75,1470.07495,1458.0,1463.625,6265064.0,4213.0,4234.0,4183.0,4196.9502,1495593.0,814.0,816.2,800.575,801.6,54055042.0
2024-08-14,1463.55005,1472.0,1453.69995,1461.85,6267466.0,4209.0,4306.2002,4188.1499,4295.25,3226545.0,803.25,806.85,801.6,803.9,32334428.0
2024-08-16,1468.65,1480.4,1458.05005,1478.19995,9416902.0,4350.0,4427.0,4325.1001,4416.0498,3457058.0,814.25,817.075,805.5,816.05,27849246.0
2024-08-19,1482.5,1498.30005,1480.5,1488.4,13797742.0,4421.0,4494.25,4390.3501,4490.0,2055210.0,818.825,818.825,811.85,815.775,19502164.0
2024-08-20,1497.225,1503.92505,1490.025,1495.94995,8411808.0,4505.0,4565.0,4500.0,4523.2998,2212298.0,813.725,823.0,813.725,818.85,31134494.0
2024-08-21,1493.25,1507.875,1490.0,1498.67505,7769996.0,4518.0,4560.0,4492.5498,4551.5,1896990.0,814.05,817.275,808.9,812.9,47630904.0
2024-08-22,1503.0,1506.5,1490.65,1498.125,10445782.0,4560.0,4560.9502,4497.2002,4502.0,1829872.0,816.0,819.15,814.0,815.65,21300638.0
2024-08-23,1503.75,1511.32495,1498.42505,1499.975,9249654.0,4500.0,4506.0,4455.0,4463.8999,1809253.0,817.0,817.0,811.5,812.525,20333422.0
2024-08-26,1506.975,1523.0,1503.0,1512.6,8816114.0,4489.0,4552.1499,4485.0,4502.4502,1844164.0,816.1,823.975,816.1,819.975,22364266.0
2024-08-27,1510.5,1513.475,1499.44995,1500.44995,6251156.0,4505.0,4510.0,4486.7998,4497.1499,930697.0,821.7,823.7,816.1,818.875,35773244.0
2024-08-28,1505.0,1507.475,1493.0,1498.30005,9610286.0,4498.75,4562.5,4457.2998,4506.0498,1848058.0,818.875,819.875,815.1,818.55,26921188.0
2024-08-29,1503.1,1537.0,1494.0,1520.92505,38335358.0,4460.0,4556.0,4460.0,4511.7998,2133641.0,821.0,822.2,815.575,819.275,49052604.0
2024-08-30,1534.0,1539.725,1503.32495,1509.625,41620730.0,4500.0,4592.25,4487.7998,4553.75,3637222.0,828.0,831.0,810.575,818.45,445342100.0
2024-09-02,1510.875,1526.80005,1506.625,1516.25,11240852.0,4576.0,4588.0,4512.0,4521.0498,1216500.0,823.4,823.4,811.6,813.475,34049680.0
2024-09-03,1521.25,1523.0,1507.5,1509.125,10923800.0,4521.0498,4555.8999,4495.8999,4512.3501,1717263.0,817.0,819.975,812.3,818.675,37282860.0
2024-09-04,1500.7,1517.5,1499.5,1514.55,11983304.0,4476.9502,4487.0,4436.7002,4479.25,1265505.0,819.5,822.4,816.0,820.9,24682744.0
2024-09-05,1519.05005,1525.775,1487.05005,1492.975,16264168.0,4481.0,4499.0,4454.1499,4475.9502,1688793.0,823.0,824.95,821.0,822.725,22876318.0
2024-09-06,1492.5,1497.0,1461.625,1464.82495,19394228.0,4473.9502,4518.9502,4440.0,4456.75,1649179.0,819.15,823.875,817.05,818.475,26029602.0
2024-09-09,1466.5,1469.925,1455.6,1462.45,9010298.0,4455.0,4490.25,4430.5,4449.55,1184938.0,819.0,824.25,815.05,823.25,23792914.0
2024-09-10,1460.5,1472.05,1457.575,1461.525,10768260.0,4442.45,4539.95,4440.45,4507.85,1385591.0,827.0,827.0,819.0,825.175,26606646.0
2024-09-11,1463.05,1468.75,1447.55,1451.5,9760202.0,4521.45,4549.35,4471.25,4479.35,1325919.0,825.2,826.25,819.6,821.95,22226684.0
2024-09-12,1457.0,1486.0,1445.875,1479.8,22349376.0,4510.25,4532.6,4431.3,4517.7,2742216.0,827.0,835.0,823.525,833.3,32424046.0
2024-09-13,1476.4,1483.15,1469.5,1472.625,8711328.0,4530.0,4547.0,4505.0,4522.6,1458786.0,837.0,837.0,828.525,832.975,23860532.0
2024-09-16,1477.55,1480.9,1464.75,1471.35,5481774.0,4527.0,4546.05,4494.45,4513.25,1155120.0,833.5,838.9,832.025,835.475,15172820.0
2024-09-17,1474.0,1477.475,1466.625,1472.3,5935328.0,4513.25,4535.8,4466.0,4505.65,1699364.0,839.0,839.0,832.075,834.4,20127122.0
2024-09-18,1470.0,1482.0,1460.55,1463.45,8574714.0,4497.05,4497.05,4321.0,4346.15,2961779.0,835.925,849.45,835.55,847.4,40917342.0
2024-09-19,1466.25,1476.5,1455.55,1469.675,16955902.0,4390.05,4422.2,4281.8,4296.15,2927551.0,849.6,859.5,849.575,854.25,30651776.0
2024-09-20,1474.0,1495.0,1471.375,1485.925,30897320.0,4316.9,4330.7,4227.5,4284.9,5447908.0,858.25,872.475,853.775,870.6,60623386.0
2024-09-23,1491.0,1501.5,1488.95,1493.375,8832314.0,4300.0,4309.4,4253.0,4268.5,1702319.0,874.5,883.175,870.125,879.9,26965350.0
2024-09-24,1488.5,1500.5,1487.875,1489.375,17137444.0,4251.65,4291.0,4240.0,4271.3,3012026.0,882.5,890.825,877.125,884.025,33039036.0
2024-09-25,1483.9,1496.5,1480.2,1493.95,7069002.0,4252.35,4289.6,4240.0,4274.75,2713073.0,880.075,894.0,880.075,889.55,31965312.0
2024-09-26,1490.65,1504.0,1488.05,1497.95,18818998.0,4260.0,4316.8,4260.0,4292.5,3964251.0,886.525,894.0,884.025,891.725,31899644.0
2024-09-27,1499.0,1533.475,1492.0,1526.175,20597478.0,4335.0,4378.0,4300.05,4308.7,3012477.0,888.5,889.1,875.0,876.325,35613502.0
2024-09-30,1519.4,1524.975,1474.4,1476.575,27008814.0,4286.9,4298.75,4260.05,4268.5,2503416.0,874.4,875.725,862.2,866.025,26383534.0
2024-10-01,1480.65,1487.95,1462.825,1464.825,16431642.0,4255.55,4295.75,4242.95,4287.9,1823365.0,862.0,871.0,860.05,863.1,24572284.0
2024-10-03,1436.575,1449.4,1402.075,1406.975,37757294.0,4262.6,4279.0,4210.0,4232.75,3350119.0,857.825,863.075,836.675,841.0,48473398.0
2024-10-04,1403.925,1417.35,1381.775,1386.525,37072876.0,4225.0,4298.0,4224.05,4252.25,2965463.0,837.25,845.325,826.5,828.825,48683232.0
2024-10-07,1393.5,1396.5,1361.375,1370.725,22181340.0,4273.9,4297.25,4229.4,4272.85,1472619.0,826.1,829.5,806.5,808.9,94458296.0
2024-10-08,1372.975,1401.0,1365.1,1397.35,17020808.0,4272.6,4279.4,4203.95,4253.25,1541867.0,815.0,828.4,811.0,825.525,29734406.0
2024-10-09,1397.525,1400.975,1372.5,1374.6,14310610.0,4260.0,4295.0,4246.7,4252.95,1082504.0,824.75,828.375,814.35,816.575,41125642.0
2024-10-10,1380.025,1386.0,1369.425,1371.05,22358646.0,4253.25,4293.85,4198.6,4227.4,2378875.0,819.5,832.725,816.25,831.2,21754766.0
2024-10-11,1370.0,1383.275,1368.825,1372.1,7980122.0,4143.0,4241.95,4112.45,4149.2,5759183.0,832.225,832.225,821.625,825.5,23672594.0
2024-10-14,1379.45,1380.075,1368.25,1372.525,12221432.0,4140.0,4165.4,4122.2,4136.65,2137590.0,828.025,846.025,827.0,844.05,18527508.0
2024-10-15,1358.525,1371.7,1340.7,1344.025,33762794.0,4131.05,4169.95,4095.0,4116.8,2759474.0,847.0,849.0,837.75,842.05,19651130.0
2024-10-16,1340.0,1364.0,1337.625,1354.075,20034438.0,4085.0,4115.0,4067.2,4094.95,2359151.0,840.05,853.975,840.05,849.9,20470682.0
2024-10-17,1365.7,1368.45,1352.05,1356.425,15543660.0,4112.8,4129.95,4092.95,4109.0,2522659.0,847.475,848.825,832.6,836.575,14695732.0
2024-10-18,1352.175,1368.425,1341.325,1359.3,12082452.0,4090.0,4146.15,4080.0,4123.05,2361000.0,831.55,845.5,827.05,840.925,24809724.0
2024-10-21,1367.125,1374.0,1357.725,1369.2,14067408.0,4132.6,4139.95,4070.0,4079.85,1595450.0,857.5,874.075,855.525,864.35,46548354.0
2024-10-22,1369.2,1376.0,1340.225,1343.35,15831960.0,4066.0,4089.8,4006.35,4015.5,1928049.0,865.025,870.0,855.35,857.275,38875280.0
2024-10-23,1337.5,1357.475,1335.0,1338.525,17214742.0,3999.6,4113.55,3995.15,4066.25,1966476.0,852.525,873.25,852.525,867.9,38036090.0
2024-10-24,1335.275,1343.7,1323.125,1339.8,22155934.0,4004.0,4079.0,4004.0,4047.9,2676744.0,869.05,884.325,869.05,874.825,30832258.0
2024-10-25,1343.5,1344.35,1322.0,1327.85,18597496.0,4057.05,4092.0,4032.7,4057.55,1759676.0,877.5,878.925,864.35,871.7,26130478.0
2024-10-28,1337.0,1353.0,1322.1,1334.35,10824350.0,4068.95,4134.0,4051.0,4090.85,1532534.0,871.0,875.5,864.45,867.1,22012142.0
2024-10-29,1328.1,1343.2,1320.3,1340.0,12008361.0,4095.85,4103.5,4060.1,4075.25,1445885.0,863.075,882.0,862.55,875.925,35794926.0
2024-10-30,1335.0,1350.0,1325.35,1343.9,11984423.0,4075.0,4107.0,4060.05,4084.65,1935002.0,871.0,877.375,862.1,867.3,32715724.0
2024-10-31,1340.0,1343.0,1326.15,1332.05,9331650.0,4070.0,4078.3,3960.0,3968.45,3740372.0,864.0,869.45,859.7,867.85,22895912.0
2024-11-01,1333.05,1341.95,1333.0,1338.65,2127335.0,3989.85,3998.95,3976.05,3984.2,154895.0,866.5,872.05,863.05,868.65,1759692.0
2024-11-04,1337.85,1340.0,1285.1,1302.15,19796890.0,3966.3,3991.9,3913.25,3964.15,2269192.0,872.5,872.5,855.45,857.05,28089248.0
2024-11-05,1293.0,1309.55,1286.15,1305.3,16267479.0,3941.1,3986.0,3941.1,3971.35,967590.0,851.5,881.35,848.95,878.925,44232406.0
2024-11-06,1310.0,1328.3,1300.2,1325.35,21625209.0,4003.6,4149.8,3975.25,4139.65,3792017.0,885.75,885.75,872.675,877.625,27787910.0
2024-11-07,1324.0,1324.0,1302.6,1305.65,9611974.0,4169.7,4205.8,4085.05,4150.9,3724349.0,872.15,880.475,869.0,873.275,18895456.0
2024-11-08,1297.65,1301.65,1275.0,1283.75,19814406.0,4155.0,4169.75,4117.65,4147.0,1648039.0,876.0,880.9,872.925,877.225,19902986.0
2024-11-11,1278.95,1286.0,1267.0,1272.7,9056552.0,4128.2,4234.3,4117.65,4198.7,1406487.0,877.275,891.4,875.6,883.15,24565362.0
2024-11-12,1275.55,1289.3,1267.5,1274.25,10671091.0,4216.0,4218.0,4164.35,4197.4,1587640.0,886.0,887.5,854.325,859.1,31395406.0
2024-11-13,1270.25,1275.45,1249.5,1252.05,14633633.0,4178.1,4196.75,4131.05,4150.35,1098813.0,858.375,864.7,836.5,840.675,35728500.0
2024-11-14,1253.6,1272.6,1251.1,1267.6,12612633.0,4135.0,4160.0,4116.45,4145.9,1825432.0,836.55,852.425,836.05,846.375,27146470.0
2024-11-18,1267.6,1272.9,1243.9,1260.75,13620611.0,4213.0,4213.0,3990.2,4019.5,3313944.0,850.0,859.45,847.5,852.55,27081968.0
2024-11-19,1260.75,1281.5,1235.15,1241.65,14183746.0,4019.9,4132.15,4014.1,4039.55,1776233.0,857.0,876.875,851.35,871.125,50981272.0
2024-11-21,1241.65,1243.95,1217.25,1223.0,19433843.0,4044.9,4092.45,4024.0,4072.85,2384347.0,874.7,879.5,867.1,870.6,35716512.0
2024-11-22,1229.4,1268.85,1222.45,1265.4,20471957.0,4071.0,4254.95,4054.0,4244.6,3096553.0,871.775,877.15,864.775,872.8,24773612.0
2024-11-25,1290.0,1304.45,1282.45,1287.0,28923341.0,4280.0,4328.1,4252.2,4315.1,4052167.0,892.525,901.775,882.45,892.8,427737274.0
2024-11-26,1294.95,1297.85,1284.2,1295.7,9247557.0,4321.05,4366.6,4310.0,4352.7,2060669.0,905.0,905.0,884.9,892.775,30935566.0
2024-11-27,1293.5,1303.85,1286.0,1293.2,9572746.0,4358.95,4377.4,4324.05,4332.55,1558993.0,894.95,908.675,892.575,906.15,32714976.0
2024-11-28,1289.95,1296.6,1269.05,1270.8,15027412.0,4319.0,4339.95,4233.0,4244.9,2558544.0,909.5,918.05,894.0,896.575,35722392.0
2024-11-29,1280.0,1299.5,1275.25,1292.2,13202307.0,4220.0,4298.7,4195.65,4270.85,2017425.0,900.65,902.3,891.45,898.025,27669536.0
2024-12-02,1288.0,1311.35,1277.05,1309.15,11024152.0,4270.0,4288.2,4230.05,4276.65,1670944.0,901.75,904.075,887.5,902.35,15110876.0
2024-12-03,1317.0,1326.8,1307.0,1323.3,16869482.0,4314.35,4325.0,4265.45,4302.75,2010905.0,911.35,918.7,908.05,913.15,43410242.0
2024-12-04,1326.0,1328.4,1304.05,1308.95,19608540.0,4313.55,4386.95,4289.05,4354.4,3302642.0,919.0,932.5,915.575,930.05,44669084.0
2024-12-05,1314.35,1329.95,1306.15,1322.05,16858723.0,4400.8,4489.0,4360.0,4464.05,3746747.0,930.0,939.975,917.6,932.875,39682714.0
2024-12-06,1323.9,1323.9,1310.0,1311.55,9037514.0,4453.0,4465.0,4412.75,4445.5,1842087.0,928.5,932.1,922.0,927.925,17783156.0
2024-12-09,1303.0,1315.0,1293.1,1295.15,14650002.0,4430.45,4469.4,4415.55,4452.15,2066639.0,926.825,940.0,924.5,935.0,26947912.0
2024-12-10,1289.25,1294.9,1280.2,1284.85,16043729.0,4426.15,4493.8,4412.1,4432.55,2087828.0,938.85,938.85,929.275,934.05,13325480.0
2024-12-11,1285.0,1290.0,1276.05,1278.2,11724373.0,4431.85,4448.65,4407.0,4427.45,1635256.0,930.85,935.95,928.375,931.55,14045426.0
2024-12-12,1270.0,1278.2,1260.6,1262.9,20906813.0,4430.05,4485.0,4426.0,4454.95,1914642.0,925.5,934.325,924.35,929.625,17293790.0
2024-12-13,1260.0,1275.2,1239.6,1272.85,28630222.0,4434.95,4494.9,4394.4,4473.9,1967048.0,931.25,937.5,914.625,935.875,19009002.0
2024-12-16,1275.0,1281.0,1266.55,1268.3,9486781.0,4459.0,4475.0,4397.0,4415.2,1646224.0,932.55,934.975,927.625,932.6,13107082.0
2024-12-17,1261.05,1263.9,1242.8,1245.3,17462791.0,4410.0,4432.95,4318.0,4328.5,3225027.0,928.175,931.175,913.25,916.625,21079532.0
2024-12-18,1240.65,1259.95,1240.65,1253.25,12670179.0,4311.7,4362.0,4289.6,4347.85,1575404.0,914.925,918.0,903.575,905.35,23422312.0
2024-12-19,1239.0,1244.9,1229.0,1230.45,14244653.0,4282.0,4364.0,4262.0,4271.9,3015763.0,899.8,900.55,889.5,896.75,25380770.0
2024-12-20,1224.0,1239.5,1201.5,1205.3,20312896.0,4329.0,4382.0,4152.5,4170.3,4116989.0,891.1,898.775,883.525,885.75,25692348.0
2024-12-23,1215.0,1227.2,1213.2,1222.3,10052824.0,4200.05,4217.0,4114.9,4158.3,2195338.0,891.0,903.0,890.65,900.5,11044592.0
2024-12-24,1222.3,1233.55,1221.0,1222.75,6734917.0,4158.3,4218.0,4158.3,4179.5,1181886.0,901.025,904.35,894.775,899.05,14485834.0
2024-12-26,1224.25,1227.7,1214.25,1216.55,10016178.0,4179.5,4199.95,4143.15,4169.1,1208464.0,899.275,906.0,890.375,895.375,10481678.0
2024-12-27,1218.3,1227.9,1217.0,1221.05,7000397.0,4163.0,4180.95,4147.25,4164.85,858100.0,897.4,902.975,894.55,899.125,7259330.0
2024-12-30,1216.4,1223.2,1208.1,1210.7,8818766.0,4151.0,4199.3,4112.0,4158.8,1527169.0,896.1,907.5,885.5,888.95,22222218.0
2024-12-31,1208.0,1219.1,1206.15,1215.45,6405475.0,4135.0,4139.95,4032.05,4094.8,1555429.0,885.15,890.9,882.8,886.425,14117236.0
2025-01-01,1214.85,1226.3,1211.6,1221.25,5892590.0,4094.4,4134.0,4085.45,4112.45,763161.0,886.725,897.0,880.55,891.375,7313806.0
2025-01-02,1221.25,1244.45,1220.0,1241.8,15486276.0,4120.0,4183.0,4096.95,4175.75,1720835.0,888.55,901.725,886.5,896.875,18558576.0
2025-01-03,1243.9,1262.05,1235.5,1251.15,15521102.0,4179.95,4179.95,4092.3,4099.9,1791953.0,895.5,897.625,873.15,874.6,24426194.0
2025-01-06,1253.95,1262.0,1215.0,1218.0,14816766.0,4105.5,4149.65,4066.4,4095.0,2085593.0,870.05,878.6,852.9,855.25,18816348.0
2025-01-07,1222.0,1244.5,1221.25,1240.85,10070505.0,4114.95,4140.35,4011.55,4028.3,2669054.0,857.5,860.5,850.0,856.7,13527906.0
2025-01-08,1249.0,1271.05,1245.35,1265.5,19346579.0,4034.9,4126.0,4017.75,4108.4,2181277.0,854.125,855.825,841.675,847.15,19738190.0
2025-01-09,1267.0,1269.75,1248.05,1254.75,12794704.0,4101.0,4137.75,4025.3,4038.85,2392472.0,842.075,844.5,829.05,833.9,40420222.0
2025-01-10,1253.85,1256.75,1236.0,1241.9,8120332.0,4200.0,4297.0,4170.0,4265.65,7894300.0,835.5,837.45,827.0,828.375,17453280.0
2025-01-13,1230.0,1245.25,1226.4,1239.85,13764861.0,4245.0,4322.95,4227.4,4291.1,4003771.0,820.0,823.375,812.15,815.425,21669066.0
2025-01-14,1244.1,1253.35,1227.25,1238.75,13095266.0,4302.0,4313.9,4219.05,4233.05,3441709.0,819.95,828.1,818.5,823.3,26661432.0
2025-01-15,1244.95,1257.0,1241.85,1252.2,9578856.0,4218.0,4256.45,4207.45,4249.6,1653474.0,828.25,831.35,818.15,821.525,14022892.0
2025-01-16,1258.9,1275.0,1251.3,1266.45,14117603.0,4260.0,4294.0,4191.85,4206.3,2637705.0,826.425,830.275,821.425,826.025,21212454.0
2025-01-17,1322.25,1326.0,1285.0,1302.35,29366277.0,4159.9,4160.6,4100.05,4124.3,1761466.0,821.75,825.25,814.25,818.375,23112076.0
2025-01-20,1316.0,1316.0,1300.25,1305.45,14040244.0,4145.8,4145.8,4068.1,4077.8,1287799.0,813.0,830.475,813.0,825.625,17557618.0
2025-01-21,1310.5,1313.0,1270.2,1273.7,14562976.0,4095.3,4111.0,4030.0,4035.85,1971591.0,829.125,830.525,816.525,821.2,31158144.0
2025-01-22,1278.3,1282.9,1268.7,1277.1,10273590.0,4050.0,4163.15,4044.2,4156.6,2409223.0,821.2,835.95,812.725,833.025,30619306.0
2025-01-23,1270.0,1277.35,1261.6,1263.65,8720682.0,4168.0,4191.35,4140.05,4145.45,1822998.0,843.5,843.5,825.625,832.45,34909158.0
2025-01-24,1266.0,1273.0,1243.5,1246.3,14235970.0,4104.0,4178.0,4104.0,4152.35,1910099.0,830.0,835.15,822.25,824.9,24236200.0
2025-01-27,1239.1,1240.45,1220.0,1229.35,9536019.0,4102.0,4156.35,4041.05,4065.15,1551782.0,820.55,821.8,813.0,814.9,22804166.0
2025-01-28,1238.0,1244.75,1218.5,1234.4,10568025.0,4070.8,4102.0,4028.3,4040.3,2468272.0,823.5,842.15,823.5,835.2,30179312.0
2025-01-29,1236.0,1242.75,1228.05,1235.5,5928156.0,4054.0,4107.85,4054.0,4099.8,1217089.0,837.5,840.575,834.425,838.65,12619890.0
2025-01-30,1235.55,1257.0,1232.4,1253.05,9269259.0,4099.9,4129.9,4058.5,4100.05,1531251.0,840.5,848.95,836.275,845.75,25744846.0
2025-01-31,1255.85,1267.0,1249.0,1265.1,6584612.0,4110.0,4128.45,4085.25,4112.4,1492943.0,843.625,852.35,841.975,849.375,15821686.0
2025-02-01,1265.1,1270.55,1241.0,1264.6,7118453.0,4113.0,4135.9,4056.0,4073.15,437172.0,848.75,856.5,838.025,845.475,5587528.0
2025-02-03,1251.0,1256.0,1237.55,1245.9,9252345.0,4030.9,4077.0,3998.7,4068.65,1265713.0,835.0,843.4,831.725,839.0,20276540.0
2025-02-04,1248.05,1288.8,1246.6,1285.2,16691069.0,4083.7,4118.85,4066.05,4107.05,2547132.0,844.35,862.9,840.025,860.45,28616502.0
2025-02-05,1282.65,1290.5,1276.7,1278.2,10112028.0,4150.0,4150.0,4076.0,4091.1,1693912.0,866.5,872.1,859.45,868.9,23675506.0
2025-02-06,1273.7,1288.0,1270.35,1281.55,9956001.0,4105.4,4139.5,4051.55,4082.75,2284536.0,867.75,874.5,862.0,871.925,26760716.0
2025-02-07,1276.15,1283.7,1262.0,1266.7,8764283.0,4090.0,4090.0,4008.0,4029.4,1548940.0,875.0,883.5,862.5,866.375,23509600.0
2025-02-10,1264.5,1266.5,1245.55,1253.65,6970972.0,4040.0,4052.0,4014.35,4036.95,1339511.0,858.65,861.725,854.25,857.875,17195950.0
2025-02-11,1264.55,1264.55,1230.1,1234.85,8859714.0,4018.4,4040.0,3955.0,3963.55,1810908.0,851.5,855.5,844.35,850.7,22724704.0
2025-02-12,1219.45,1226.9,1193.35,1216.55,21131654.0,3971.1,4021.75,3940.15,3950.15,1678002.0,846.5,856.0,840.6,853.4,22809570.0
2025-02-13,1217.05,1228.0,1212.0,1216.1,8511216.0,3968.0,3984.45,3902.25,3910.15,2277310.0,849.5,857.125,846.775,848.85,12602434.0
2025-02-14,1219.0,1224.0,1205.45,1217.25,10298145.0,3925.0,3948.0,3900.0,3934.85,1681975.0,850.95,850.95,840.0,847.425,19959892.0
2025-02-17,1211.1,1227.5,1204.5,1224.9,8166683.0,3856.5,3934.0,3856.2,3904.5,1799806.0,842.6,860.0,840.625,858.675,12938946.0
2025-02-18,1224.85,1229.9,1216.1,1225.4,6673250.0,3898.4,3924.4,3864.5,3873.2,2149879.0,856.525,865.775,853.075,861.525,16350910.0
2025-02-19,1219.5,1232.75,1217.55,1227.45,6217338.0,3872.2,3874.95,3768.15,3784.1,4366672.0,858.5,868.95,856.225,863.6,11884112.0
2025-02-20,1223.95,1239.35,1222.0,1233.0,7795582.0,3761.5,3788.0,3751.3,3779.4,2888572.0,855.5,857.35,842.65,843.55,26390510.0
2025-02-21,1228.7,1240.0,1222.15,1228.15,6904025.0,3776.1,3817.0,3775.0,3786.0,1833931.0,840.45,847.475,838.625,846.25,15680940.0
2025-02-24,1216.55,1223.25,1210.5,1214.55,7172498.0,3743.15,3763.2,3670.0,3675.6,2508516.0,840.55,842.1,830.55,838.55,20693646.0
2025-02-25,1211.0,1221.0,1201.5,1204.0,11552182.0,3625.0,3658.0,3621.25,3629.55,4101954.0,835.55,844.0,835.55,841.175,24138708.0
2025-02-27,1212.8,1215.0,1200.65,1207.1,11509215.0,3611.7,3638.0,3600.7,3612.55,3823856.0,841.275,855.375,841.275,850.35,35786800.0
2025-02-28,1202.0,1217.35,1193.3,1200.1,23007298.0,3584.95,3600.0,3457.0,3483.25,7085018.0,842.5,868.625,842.5,866.2,54516728.0
2025-03-03,1204.0,1206.45,1156.0,1171.25,17944938.0,3485.0,3523.25,3476.15,3493.05,4990439.0,869.9,871.525,847.05,850.775,21205364.0
2025-03-04,1162.2,1174.0,1159.55,1161.9,11377373.0,3474.0,3551.0,3464.3,3532.05,2797737.0,849.0,857.15,846.625,855.0,19920958.0
2025-03-05,1161.0,1183.0,1157.0,1175.6,8664095.0,3520.85,3600.35,3520.85,3547.05,2501894.0,850.975,855.4,844.125,845.0,21583872.0
2025-03-06,1197.0,1213.95,1185.15,1209.6,14468014.0,3557.0,3609.45,3536.1,3601.6,2786513.0,843.5,849.95,836.125,845.6,32966088.0
2025-03-07,1216.0,1254.8,1212.0,1249.8,16474965.0,3600.0,3625.0,3574.4,3611.2,2051315.0,841.0,850.575,838.8,844.625,13372914.0
2025-03-10,1245.0,1258.0,1235.4,1238.4,11931051.0,3606.5,3622.1,3582.6,3589.65,1004626.0,844.5,849.95,841.525,843.75,15604050.0
2025-03-11,1240.0,1249.5,1229.75,1247.3,10089838.0,3558.0,3588.75,3537.65,3575.3,1995450.0,841.2,847.0,835.025,842.75,19898430.0
2025-03-12,1258.0,1263.0,1244.0,1257.05,11977555.0,3565.0,3569.25,3486.85,3506.2,3174167.0,845.775,859.25,845.775,855.575,18784106.0
2025-03-13,1260.05,1264.15,1243.85,1247.9,9505270.0,3502.3,3524.3,3484.1,3511.05,1693004.0,858.025,860.4,850.025,853.3,15736264.0
2025-03-17,1242.15,1257.4,1233.1,1238.85,16640952.0,3489.0,3530.45,3477.35,3497.7,2690906.0,852.5,862.0,852.5,855.2,18951914.0
2025-03-18,1244.7,1248.35,1235.0,1238.8,15745877.0,3502.35,3556.95,3478.45,3552.45,3069109.0,864.0,868.7,857.525,866.1,21907178.0
2025-03-19,1241.05,1253.25,1238.8,1247.15,16162399.0,3547.0,3547.0,3462.75,3497.1,3051244.0,867.5,875.5,866.1,872.05,15221406.0
2025-03-20,1251.85,1273.0,1250.05,1269.15,15971477.0,3512.0,3578.95,3512.0,3563.15,2845192.0,877.0,887.0,874.65,884.375,17833978.0
2025-03-21,1275.0,1281.0,1270.1,1276.35,21780769.0,3475.0,3616.25,3465.0,3578.1,4161925.0,877.775,887.05,877.775,885.175,33508264.0
2025-03-24,1291.0,1306.0,1284.25,1302.1,20299319.0,3600.0,3649.75,3566.6,3628.95,1834751.0,889.5,902.2,886.825,900.0,17393736.0
2025-03-25,1307.7,1307.7,1282.6,1285.45,13713899.0,3645.0,3710.0,3638.0,3657.75,3135390.0,902.45,921.85,900.75,910.725,39101416.0
2025-03-26,1291.0,1293.8,1268.75,1273.05,12074747.0,3647.75,3680.5,3625.85,3635.8,1734499.0,912.5,913.75,901.0,903.275,24478442.0
2025-03-27,1278.15,1285.0,1271.3,1278.2,15028056.0,3614.85,3663.0,3610.5,3651.2,2528474.0,900.0,920.5,899.05,912.675,41658100.0
2025-03-28,1280.0,1295.75,1269.0,1275.1,18147129.0,3651.0,3660.95,3591.9,3606.15,2051919.0,914.5,918.0,902.925,914.1,28773648.0
2025-04-01,1264.6,1277.9,1249.3,1252.6,12099648.0,3572.7,3584.0,3525.0,3550.8,2618493.0,901.0,904.95,882.675,883.925,28511006.0
2025-04-02,1247.55,1255.55,1243.9,1251.15,10142590.0,3544.0,3564.1,3530.05,3543.95,1764313.0,885.35,899.6,885.35,898.45,11573564.0
2025-04-03,1233.05,1251.8,1233.05,1248.7,7434366.0,3491.0,3502.0,3396.15,3403.15,4537821.0,890.55,902.0,888.5,897.425,11250038.0
2025-04-04,1241.1,1245.45,1193.15,1204.7,17908652.0,3362.6,3399.65,3295.5,3299.4,5317367.0,906.5,920.975,905.55,908.65,33540454.0
2025-04-07,1132.2,1171.25,1114.85,1165.7,22156106.0,3100.0,3291.4,3056.05,3274.05,6623955.0,881.4,889.925,869.1,878.85,37995450.0
2025-04-08,1172.0,1196.6,1163.3,1182.2,19555040.0,3302.05,3349.0,3255.3,3292.95,5557558.0,882.5,891.0,875.15,884.575,35563872.0
2025-04-09,1169.5,1189.8,1168.0,1185.35,10223104.0,3260.55,3270.0,3212.05,3246.6,2990265.0,882.5,887.5,876.75,882.5,22454608.0
2025-04-11,1195.15,1222.65,1195.15,1218.95,11224242.0,3289.55,3298.95,3206.0,3231.5,7108961.0,887.375,909.7,887.375,903.375,32775766.0
2025-04-15,1251.0,1251.0,1237.1,1240.1,13378535.0,3314.4,3314.4,3238.6,3248.2,3512160.0,932.5,938.4,927.5,932.45,49298344.0
2025-04-16,1234.1,1240.9,1229.0,1239.3,8248464.0,3248.2,3278.1,3229.0,3273.8,2384391.0,941.9,941.9,930.25,939.0,19136820.0
2025-04-17,1240.2,1280.2,1227.6,1274.5,15398401.0,3245.5,3303.6,3218.0,3298.9,2932346.0,941.0,959.85,938.35,953.35,35703084.0
2025-04-21,1270.0,1300.9,1267.0,1295.5,10429964.0,3290.1,3354.0,3284.1,3321.6,2432946.0,962.0,975.35,955.0,963.55,34247298.0
2025-04-22,1300.0,1303.9,1286.3,1291.2,13051707.0,3322.6,3333.9,3295.0,3314.4,2710498.0,967.5,985.3,967.5,980.85,45961750.0
2025-04-23,1297.0,1306.0,1285.4,1300.0,10480888.0,3365.0,3420.9,3337.3,3413.0,3543923.0,989.45,989.45,960.25,961.95,30570642.0
2025-04-24,1292.4,1304.5,1290.3,1301.6,10468940.0,3401.1,3412.5,3387.7,3401.6,2252175.0,955.0,961.95,952.55,958.4,25931754.0
2025-04-25,1303.5,1325.2,1288.1,1300.4,14431012.0,3420.0,3477.8,3405.0,3448.0,2742991.0,962.4,966.5,945.9,955.6,18500878.0
2025-04-28,1340.0,1374.6,1320.2,1368.8,31104496.0,3435.0,3457.8,3405.0,3443.5,1593296.0,955.6,964.85,954.2,960.1,13920492.0
2025-04-29,1371.0,1410.9,1370.0,1399.7,32538970.0,3455.0,3495.0,3430.4,3472.5,1578332.0,959.4,964.4,950.1,954.4,18918308.0
2025-04-30,1402.0,1412.4,1369.0,1405.0,25480745.0,3472.0,3509.9,3366.0,3453.7,2809332.0,956.5,968.45,955.15,962.5,31936870.0
2025-05-02,1414.0,1426.7,1409.1,1422.4,17535402.0,3472.0,3491.5,3420.0,3444.7,2115624.0,964.9,970.95,960.0,962.5,22812048.0
2025-05-05,1431.0,1439.5,1426.9,1431.3,12685649.0,3450.0,3504.5,3446.4,3454.3,1284443.0,969.5,976.0,966.15,968.4,15068024.0
2025-05-06,1431.0,1432.0,1410.6,1420.9,14084117.0,3460.0,3473.0,3437.0,3460.0,1324763.0,965.0,970.05,962.15,965.85,17490156.0
2025-05-07,1420.9,1424.4,1402.7,1406.0,13440169.0,3420.6,3459.5,3420.6,3445.1,1477128.0,967.0,974.35,961.2,972.8,21420778.0
2025-05-08,1404.1,1420.8,1398.0,1407.0,16106175.0,3448.0,3477.0,3428.7,3448.9,2543591.0,977.4,977.4,959.55,964.25,34803430.0
2025-05-09,1385.5,1394.8,1374.5,1377.2,13668904.0,3399.0,3446.2,3398.1,3440.3,2531757.0,955.05,959.5,943.4,944.85,17188796.0
2025-05-12,1400.0,1439.0,1400.0,1436.5,10674081.0,3505.0,3630.5,3502.2,3620.4,2228678.0,958.8,979.95,956.15,978.6,18618972.0
2025-05-13,1433.5,1447.7,1412.4,1415.7,11407896.0,3620.4,3623.0,3510.5,3515.0,3062887.0,975.0,980.85,960.0,961.3,24242102.0
2025-05-14,1420.0,1429.9,1415.5,1424.4,5570160.0,3521.0,3561.0,3508.6,3548.7,2119499.0,961.05,965.1,951.5,955.3,15445308.0
2025-05-15,1425.0,1461.4,1412.7,1454.2,20177211.0,3564.0,3600.0,3514.1,3579.9,3548330.0,956.75,972.4,948.5,966.9,32241458.0
2025-05-16,1453.2,1461.0,1447.3,1456.4,9036695.0,3593.9,3593.9,3546.1,3561.3,1666727.0,966.9,971.9,964.2,967.35,15868010.0
2025-05-19,1452.1,1454.6,1438.2,1440.8,6195791.0,3550.0,3550.0,3503.7,3518.8,2537377.0,968.5,972.5,965.5,969.35,10202964.0
2025-05-20,1438.2,1445.0,1421.8,1424.6,11270560.0,3531.8,3558.0,3494.0,3498.3,2038374.0,964.05,967.3,956.5,957.45,23879090.0
2025-05-21,1423.9,1436.2,1418.1,1429.2,6136364.0,3508.0,3537.0,3498.3,3525.8,1440153.0,963.5,973.45,960.55,963.4,15132040.0
2025-05-22,1421.2,1423.8,1396.9,1409.4,12134466.0,3495.0,3497.8,3451.3,3477.0,2034383.0,957.6,962.1,952.6,959.95,21306670.0
2025-05-23,1406.6,1433.8,1406.6,1426.8,6474883.0,3477.0,3535.0,3465.6,3514.6,1274331.0,960.05,968.5,957.25,966.8,9566072.0
2025-05-26,1432.0,1441.0,1425.1,1434.8,4842944.0,3521.0,3545.0,3510.1,3537.3,967470.0,967.5,974.95,963.45,970.1,10802860.0
2025-05-27,1426.1,1437.0,1413.9,1422.1,12640414.0,3532.0,3540.0,3483.1,3498.7,2467680.0,965.8,974.0,958.15,963.15,26162148.0
2025-05-28,1420.1,1422.6,1410.7,1412.9,5944611.0,3520.0,3529.0,3493.0,3497.7,1222933.0,960.1,967.25,958.85,961.75,18157594.0
2025-05-29,1412.1,1420.0,1408.6,1417.8,13771917.0,3504.7,3532.5,3486.5,3498.1,3188072.0,964.0,970.4,953.65,963.75,28917794.0
2025-05-30,1418.0,1430.6,1409.7,1420.9,13788484.0,3490.0,3506.7,3453.1,3463.4,3404365.0,965.95,974.4,962.7,972.45,28748078.0
2025-06-02,1412.1,1417.5,1395.6,1413.7,8098668.0,3450.0,3460.0,3418.6,3449.8,1877585.0,965.05,968.0,954.0,966.05,14668822.0
2025-06-03,1422.3,1426.5,1403.4,1405.5,11252626.0,3446.0,3473.5,3400.5,3405.2,2848125.0,969.0,976.0,960.0,962.3,24377584.0
2025-06-04,1414.7,1425.7,1406.1,1423.5,8126827.0,3389.0,3394.8,3370.0,3380.9,2544807.0,960.5,971.65,960.45,970.6,12961542.0
2025-06-05,1428.0,1454.7,1423.6,1442.4,13716817.0,3409.0,3409.0,3363.7,3371.1,3584683.0,974.0,979.45,970.1,974.8,22255418.0
2025-06-06,1441.0,1451.5,1437.0,1443.5,8182161.0,3371.1,3390.9,3358.7,3384.2,2070390.0,972.0,998.15,971.35,989.35,30127008.0
2025-06-09,1457.0,1457.5,1445.3,1448.8,7885125.0,3400.0,3434.0,3390.9,3421.9,1718678.0,997.5,997.5,987.95,989.45,13202588.0
2025-06-10,1450.0,1453.9,1436.0,1438.5,7913181.0,3440.0,3485.8,3423.2,3462.9,2419874.0,991.4,991.4,980.55,982.65,15533126.0
2025-06-11,1445.8,1468.6,1443.1,1448.9,8195700.0,3470.0,3489.0,3449.1,3471.9,2847013.0,983.8,983.8,973.5,975.2,11096394.0
2025-06-12,1453.5,1457.0,1434.4,1441.6,8828114.0,3471.9,3474.7,3423.2,3434.2,4060134.0,975.0,980.5,967.65,971.7,16349130.0
2025-06-13,1424.0,1435.5,1414.3,1427.9,9757276.0,3393.2,3450.5,3393.2,3445.7,2178493.0,960.0,966.5,956.5,958.8,12117762.0
2025-06-16,1426.9,1442.4,1424.4,1437.8,8458093.0,3440.0,3509.0,3426.2,3496.3,1934088.0,962.0,969.45,960.05,967.7,16513746.0
2025-06-17,1448.0,1448.0,1425.8,1431.2,10366599.0,3510.0,3520.0,3488.1,3515.3,2111940.0,968.5,970.8,959.55,964.8,16978736.0
2025-06-18,1430.0,1442.8,1425.7,1430.1,6681735.0,3519.1,3538.0,3443.1,3451.4,2696327.0,958.5,968.15,958.5,966.95,18433816.0
2025-06-19,1430.1,1439.9,1425.7,1433.3,10007230.0,3450.0,3451.0,3413.0,3424.0,2672768.0,966.95,973.4,962.8,967.65,16876220.0
2025-06-20,1431.0,1471.0,1428.1,1466.2,29010635.0,3425.0,3446.3,3410.9,3435.7,2351248.0,965.8,984.95,965.8,982.35,32900408.0
2025-06-23,1453.0,1463.8,1442.0,1456.8,5989078.0,3415.0,3425.0,3370.0,3393.6,3123421.0,974.2,978.95,970.9,974.2,11739518.0
2025-06-24,1465.0,1475.0,1443.1,1450.8,16402744.0,3434.6,3442.1,3382.0,3390.4,3403048.0,982.5,989.5,977.8,980.45,22625322.0
2025-06-25,1464.0,1472.4,1460.5,1467.3,7525851.0,3407.3,3450.0,3400.0,3444.8,1757699.0,983.0,991.0,981.95,990.1,18405932.0
2025-06-26,1469.1,1498.8,1465.1,1495.3,14657893.0,3444.8,3451.4,3415.3,3441.8,2879106.0,990.7,1013.55,990.0,1010.9,50084830.0
2025-06-27,1499.4,1522.0,1496.9,1515.4,11117052.0,3455.0,3466.4,3431.0,3441.1,1778433.0,1006.5,1009.9,996.7,1007.45,28213384.0
2025-06-30,1513.8,1524.8,1496.0,1500.6,8409527.0,3439.9,3464.9,3430.0,3462.0,1468351.0,1005.75,1006.9,997.75,1000.75,13649020.0
2025-07-01,1500.6,1531.4,1500.1,1528.4,10368523.0,3455.0,3485.0,3413.5,3429.7,2375183.0,1002.5,1008.0,1002.0,1006.05,14389386.0
2025-07-02,1528.4,1530.0,1508.7,1518.8,6361002.0,3487.2,3489.9,3420.0,3423.3,3090585.0,1009.95,1009.95,988.95,993.0,18878250.0
2025-07-03,1520.8,1531.9,1513.0,1517.8,11283291.0,3430.0,3435.3,3397.6,3400.8,2531870.0,997.45,1004.0,992.15,993.55,16860506.0
2025-07-04,1524.0,1530.0,1517.2,1527.3,6603501.0,3408.0,3427.0,3390.1,3419.8,1109320.0,993.55,1001.75,990.0,994.65,7863944.0
2025-07-07,1526.6,1544.8,1525.0,1541.5,7251074.0,3418.3,3426.1,3408.4,3411.7,1639174.0,994.5,999.2,991.9,993.7,11349426.0
2025-07-08,1536.0,1544.9,1530.2,1537.6,7171261.0,3405.0,3425.0,3393.4,3406.2,2325242.0,988.5,1002.5,988.5,1000.7,15224316.0
2025-07-09,1536.7,1551.0,1510.1,1519.0,8870660.0,3410.0,3414.0,3367.0,3383.8,2034938.0,1003.5,1006.9,999.05,1005.6,13861428.0
2025-07-10,1519.7,1524.7,1507.5,1517.2,10047129.0,3380.0,3399.0,3356.0,3382.0,3035012.0,1008.0,1008.5,1000.0,1003.1,17030310.0
2025-07-11,1512.0,1515.0,1490.3,1495.2,7234991.0,3299.9,3335.0,3261.1,3266.0,7635550.0,999.0,1002.4,990.45,991.85,12516922.0
2025-07-14,1492.2,1500.0,1479.1,1483.7,10311846.0,3266.0,3272.0,3200.0,3222.7,3924009.0,991.5,994.35,985.3,991.5,13088850.0
2025-07-15,1486.2,1496.5,1482.4,1485.4,8132454.0,3206.0,3259.4,3206.0,3252.3,2590889.0,986.5,1001.8,986.5,997.75,14498168.0
2025-07-16,1473.0,1491.0,1471.5,1485.6,10409983.0,3227.0,3244.9,3220.6,3233.1,2540733.0,1009.0,1011.35,996.3,998.15,17994612.0
2025-07-17,1487.4,1489.6,1473.9,1476.4,11854613.0,3224.1,3242.0,3204.1,3209.2,2947640.0,1002.0,1002.4,991.35,993.45,22529158.0
2025-07-18,1484.8,1484.8,1469.1,1476.0,10296318.0,3225.0,3228.8,3187.0,3189.9,3432645.0,993.45,998.5,976.5,978.7,16129446.0
2025-07-21,1465.0,1476.0,1423.1,1428.6,22442744.0,3190.0,3197.6,3152.0,3158.2,3844346.0,989.1,1001.0,988.25,1000.25,22309078.0
2025-07-22,1427.4,1431.9,1410.7,1412.8,20396320.0,3159.6,3180.1,3154.6,3159.6,3198036.0,1006.55,1009.0,1001.5,1003.55,14836814.0
2025-07-23,1426.0,1426.0,1414.4,1424.6,8354596.0,3159.6,3182.0,3157.6,3179.1,1922875.0,1005.5,1014.9,1001.5,1012.15,13634916.0
2025-07-24,1419.2,1423.0,1396.0,1402.9,14740507.0,3165.1,3173.7,3140.0,3148.0,2934778.0,1018.85,1018.85,1004.2,1007.1,19107176.0
2025-07-25,1398.9,1401.0,1384.1,1391.7,11854722.0,3140.0,3156.9,3125.6,3135.8,2568917.0,1007.5,1007.5,999.5,1002.3,9306598.0
2025-07-28,1392.3,1407.8,1385.0,1387.6,7748361.0,3110.0,3118.0,3069.9,3079.3,3374473.0,1001.5,1010.7,1000.25,1004.25,12059580.0
2025-07-29,1383.0,1420.2,1383.0,1417.1,10750072.0,3060.0,3074.0,3041.2,3056.0,4785312.0,999.95,1013.25,998.15,1010.8,19895696.0
2025-07-30,1418.1,1423.3,1401.3,1410.1,7209849.0,3060.0,3069.0,3047.2,3053.6,2880121.0,1014.0,1016.3,1008.5,1012.9,15154036.0
2025-07-31,1388.1,1402.6,1382.2,1390.2,17065827.0,3041.7,3059.8,3015.0,3036.8,2968371.0,1007.3,1015.7,1004.0,1009.1,22183032.0
2025-08-01,1386.9,1405.9,1384.3,1393.7,10321171.0,3029.9,3036.8,3000.0,3003.0,2053847.0,1007.0,1014.15,1004.65,1006.1,11317258.0
2025-08-04,1395.1,1416.1,1391.7,1411.5,6312820.0,3009.1,3079.4,2991.6,3074.4,2519252.0,1005.05,1009.25,994.05,996.0,13933946.0
2025-08-05,1411.0,1411.0,1388.1,1391.7,9315972.0,3074.4,3077.5,3042.0,3063.9,1927996.0,993.25,997.2,982.75,988.8,23978058.0
2025-08-06,1391.9,1395.9,1383.3,1392.8,5834312.0,3063.0,3066.8,3026.0,3032.3,1487081.0,985.55,994.0,985.0,992.65,14080204.0
2025-08-07,1387.7,1393.7,1366.0,1389.4,9976705.0,3016.0,3051.6,3010.9,3047.0,2543076.0,990.05,1000.8,988.4,997.7,13081186.0
2025-08-08,1385.0,1397.2,1365.0,1367.8,8793606.0,3048.1,3059.8,3025.0,3036.4,2762140.0,993.55,996.4,985.0,986.95,13895264.0
2025-08-11,1370.0,1388.0,1361.2,1386.2,9997486.0,3036.4,3049.9,3021.3,3040.8,1884215.0,987.95,998.8,986.55,997.8,9105854.0
2025-08-12,1381.9,1401.9,1375.2,1380.4,12244664.0,3041.0,3096.4,3026.9,3035.4,3358232.0,995.95,998.0,983.75,984.95,12937802.0
2025-08-13,1388.0,1391.8,1377.5,1382.6,7457021.0,3036.1,3044.4,3028.6,3036.2,2148166.0,997.0,997.0,984.55,990.15,13577396.0
2025-08-14,1377.3,1380.7,1370.1,1373.8,7126128.0,3034.0,3055.9,3019.1,3022.3,3342174.0,989.0,998.0,985.6,995.55,17511716.0
2025-08-18,1390.0,1394.9,1377.0,1381.7,11785109.0,3046.5,3049.0,3003.4,3011.2,2945609.0,1005.0,1013.3,997.8,1001.8,19284796.0
2025-08-19,1390.0,1421.0,1389.1,1420.1,14384719.0,3011.2,3025.0,3011.1,3016.2,2650784.0,999.15,1003.05,993.35,995.55,12352438.0
2025-08-20,1413.0,1424.9,1410.0,1413.0,8725641.0,3010.9,3103.4,3010.9,3098.6,4952358.0,993.5,996.0,989.5,994.1,9950228.0
2025-08-21,1425.0,1431.9,1420.3,1424.8,11021323.0,3130.0,3130.0,3083.1,3102.6,3230726.0,998.75,998.75,991.6,995.6,12439850.0
2025-08-22,1420.0,1423.4,1407.9,1409.2,5818868.0,3086.0,3095.7,3050.0,3054.0,1593791.0,994.95,998.0,978.55,982.3,19833502.0
2025-08-25,1414.7,1419.5,1405.7,1412.6,5979407.0,3087.3,3152.0,3077.1,3140.6,3448370.0,980.1,988.7,978.5,982.05,17518044.0
2025-08-26,1408.0,1410.0,1381.6,1384.9,12145259.0,3129.0,3162.0,3120.0,3157.2,5522097.0,979.5,985.7,968.0,973.4,16917731.0
2025-08-28,1389.9,1392.2,1366.5,1385.9,13161813.0,3145.0,3146.5,3086.5,3093.7,3116051.0,967.0,972.2,955.0,957.8,25438255.0
2025-08-29,1381.1,1403.5,1350.0,1357.2,18758842.0,3093.0,3115.0,3077.2,3084.7,2271789.0,954.0,963.3,950.1,951.6,14823813.0
2025-09-01,1356.0,1363.2,1340.6,1353.9,11232238.0,3090.0,3131.1,3090.0,3112.6,1246862.0,949.6,957.45,946.35,950.6,20178344.0
2025-09-02,1354.8,1384.5,1354.5,1366.5,11517006.0,3121.1,3155.0,3103.1,3111.5,2185229.0,951.0,954.8,944.0,944.5,14196320.0
2025-09-03,1369.7,1376.5,1360.5,1372.6,7847563.0,3129.9,3141.9,3088.0,3097.5,1799774.0,945.0,956.3,940.0,954.45,16083481.0
2025-09-04,1371.8,1374.0,1357.1,1359.3,13223177.0,3116.0,3118.0,3090.8,3095.7,1481391.0,960.2,965.7,956.25,961.25,17597657.0
2025-09-05,1363.0,1381.0,1359.3,1375.0,5777575.0,3097.1,3103.4,3028.6,3048.3,2802055.0,967.5,967.5,954.05,963.4,11602111.0
2025-09-08,1380.0,1386.0,1372.4,1378.5,6986720.0,3050.0,3064.9,3016.0,3019.0,2626187.0,969.0,973.15,960.45,966.0,11711307.0
2025-09-09,1376.6,1381.2,1368.7,1376.2,9754452.0,3032.1,3060.0,3030.8,3049.4,2489301.0,974.0,974.4,962.7,965.15,13985539.0
2025-09-10,1383.9,1388.5,1374.1,1377.0,7790815.0,3056.4,3122.7,3053.4,3110.0,2079428.0,973.9,973.9,961.7,965.9,18091100.0
2025-09-11,1376.0,1385.5,1375.0,1383.3,9766072.0,3139.0,3139.0,3110.1,3124.2,2263446.0,960.3,969.25,959.9,967.8,15113633.0
2025-09-12,1383.3,1396.3,1380.5,1395.0,7403368.0,3144.0,3148.7,3121.0,3133.4,1447167.0,969.9,970.75,962.25,967.3,14363519.0
2025-09-15,1393.0,1400.8,1388.6,1399.3,5396697.0,3134.0,3134.0,3096.0,3111.9,1732539.0,969.6,972.35,965.0,967.05,14486377.0
2025-09-16,1404.7,1408.0,1398.2,1405.3,8686961.0,3128.0,3150.0,3109.1,3145.7,2573429.0,961.2,969.35,961.2,966.85,18661794.0
2025-09-17,1407.0,1416.2,1406.9,1413.8,7519417.0,3152.0,3182.4,3142.4,3172.8,2418271.0,965.15,974.4,964.35,966.5,17361476.0
2025-09-18,1420.4,1422.0,1410.7,1415.0,9332642.0,3185.0,3203.0,3161.4,3176.7,2633138.0,973.3,979.65,969.25,976.9,17791598.0
2025-09-19,1414.9,1417.0,1403.6,1407.4,13461373.0,3170.0,3180.5,3144.0,3169.2,4901694.0,974.9,976.7,962.1,966.9,31243267.0
2025-09-22,1403.9,1410.7,1388.0,1390.6,7757970.0,3095.0,3106.9,3065.0,3073.8,3634901.0,964.0,971.2,961.95,964.2,10854415.0
2025-09-23,1391.0,1395.0,1376.8,1389.8,14014702.0,3070.0,3080.7,3052.0,3062.4,3177741.0,967.0,968.2,955.5,957.2,21022298.0
2025-09-24,1385.3,1396.0,1380.4,1383.0,5922759.0,3050.0,3057.0,3033.0,3035.4,1625714.0,952.2,956.45,943.0,951.05,15117220.0
2025-09-25,1381.3,1384.5,1369.0,1372.4,11411143.0,3022.0,3029.6,2951.0,2957.4,4974361.0,952.5,958.0,947.4,949.85,31413279.0
2025-09-26,1372.0,1382.7,1366.0,1377.6,9879109.0,2941.0,2954.8,2891.3,2899.1,3934636.0,945.1,951.45,941.3,945.05,14874656.0
2025-09-29,1381.6,1389.0,1368.0,1372.8,14231999.0,2916.0,2929.3,2894.0,2896.1,3110035.0,946.05,956.8,939.1,950.3,32398179.0
2025-09-30,1377.1,1377.1,1362.8,1364.0,14604684.0,2911.0,2915.3,2885.1,2888.4,2253458.0,958.05,960.0,946.3,951.0,28296687.0
2025-10-01,1367.0,1378.6,1362.7,1368.7,12045916.0,2891.0,2924.8,2866.6,2914.2,1952902.0,952.7,969.6,946.0,965.25,25350832.0
2025-10-03,1363.2,1371.6,1356.9,1363.4,12842347.0,2924.0,2924.0,2891.1,2901.9,2899519.0,952.0,966.75,952.0,965.15,26658296.0
2025-10-06,1360.0,1377.4,1359.0,1375.0,12396580.0,2902.0,2993.6,2895.6,2988.4,2112774.0,971.9,977.4,962.0,973.45,18542683.0
2025-10-07,1376.0,1395.9,1375.9,1384.8,11244040.0,2995.0,3004.5,2955.5,2973.7,3062943.0,974.0,989.85,971.0,982.5,25535736.0
2025-10-08,1384.8,1389.0,1364.5,1367.4,8525081.0,2975.0,3043.0,2968.0,3027.2,4121889.0,976.0,985.9,974.55,978.7,15939710.0
2025-10-09,1374.0,1380.0,1369.1,1377.8,8826633.0,3034.0,3066.0,3020.0,3061.7,3211304.0,974.5,979.0,970.15,977.1,15370950.0
2025-10-10,1377.8,1388.0,1375.1,1381.7,6373084.0,3050.0,3070.0,3006.9,3028.3,8817365.0,979.0,986.2,978.1,980.9,13757080.0
2025-10-13,1376.9,1377.7,1367.8,1375.0,7600682.0,3027.0,3035.5,2998.2,3007.2,2866865.0,974.3,981.0,972.0,977.0,18634254.0
2025-10-14,1380.0,1388.0,1370.1,1375.9,9768174.0,3021.0,3027.2,2955.5,2960.3,3611416.0,970.0,980.45,967.0,977.15,22934382.0
2025-10-15,1383.0,1384.0,1372.7,1374.3,10882743.0,2971.0,2979.7,2951.0,2969.8,4282226.0,975.0,984.9,973.35,978.25,23310447.0
2025-10-16,1375.1,1400.5,1375.0,1398.3,12315932.0,2969.9,2975.0,2943.1,2970.7,3251495.0,982.65,996.6,981.5,994.35,22936566.0
2025-10-17,1401.0,1423.3,1399.1,1416.8,19335561.0,2970.0,2988.8,2955.4,2962.2,4374683.0,993.95,1009.0,986.0,1002.55,25210511.0
2025-10-20,1440.0,1473.8,1433.3,1466.8,24721978.0,2985.5,3023.0,2978.5,3015.2,3133039.0,997.0,1020.0,997.0,1002.95,22195202.0
2025-10-21,1468.0,1474.0,1460.0,1465.2,2066169.0,3031.1,3031.8,2996.0,3006.7,310644.0,1006.0,1010.0,1004.0,1007.7,3471600.0
2025-10-23,1475.0,1482.9,1444.6,1448.4,18707090.0,3055.0,3098.0,3036.1,3073.2,5564758.0,1016.0,1020.5,1006.0,1008.8,43526526.0
2025-10-24,1450.0,1459.8,1441.0,1451.6,9700837.0,3080.0,3090.0,3058.3,3063.2,2684318.0,1011.0,1011.95,991.3,994.75,17707768.0
2025-10-27,1463.0,1485.0,1458.0,1484.1,14113867.0,3066.5,3094.2,3060.2,3084.9,1946312.0,996.5,1009.05,996.2,1002.95,15700796.0
2025-10-28,1484.1,1492.0,1477.6,1486.9,17631577.0,3076.0,3090.2,3040.2,3057.9,3470737.0,997.65,1008.0,995.0,1003.55,33904289.0
2025-10-29,1490.0,1508.3,1488.1,1504.2,11884745.0,3057.9,3076.0,3046.1,3057.6,2895420.0,1004.9,1012.5,1000.0,1007.85,17769445.0
2025-10-30,1500.0,1503.1,1484.0,1488.5,9318663.0,3049.1,3063.8,3032.8,3035.3,2241536.0,1000.0,1009.5,997.1,998.15,19962917.0
2025-10-31,1490.4,1497.5,1482.3,1486.4,8758053.0,3035.0,3067.4,3025.1,3058.0,1868085.0,994.0,1004.45,981.15,987.3,23221330.0
2025-11-03,1486.0,1495.0,1479.3,1484.7,8452085.0,3046.9,3058.0,3010.0,3016.8,2194877.0,985.0,994.55,983.3,992.65,16607180.0
2025-11-04,1483.9,1492.8,1470.1,1473.1,10007806.0,3019.6,3029.3,2976.0,2990.2,2670720.0,987.0,997.0,983.7,985.25,20024544.0
2025-11-06,1484.0,1501.6,1476.2,1496.1,16772678.0,2990.1,3024.0,2990.0,3010.9,2542721.0,981.0,991.05,974.0,984.65,22279516.0
2025-11-07,1494.6,1498.4,1475.9,1478.0,7821765.0,3001.0,3004.0,2960.5,2991.8,1830520.0,980.0,984.9,974.75,982.3,15004568.0
2025-11-10,1477.9,1501.0,1475.5,1489.3,7068438.0,2993.0,3047.9,2992.0,3025.2,1556656.0,982.3,990.95,980.2,984.5,15988262.0
2025-11-11,1497.0,1498.8,1480.2,1493.4,7127506.0,3045.0,3055.7,3018.0,3047.0,2806868.0,983.5,993.5,978.0,991.7,10200530.0
2025-11-12,1505.0,1524.7,1500.0,1511.5,12384459.0,3060.0,3136.4,3057.1,3131.8,4460315.0,998.8,999.0,987.7,989.5,13137263.0
2025-11-13,1515.0,1522.1,1506.8,1510.9,7196443.0,3131.8,3131.9,3102.0,3105.7,1740435.0,984.0,990.1,982.6,986.65,14124839.0
2025-11-14,1505.5,1520.9,1505.5,1518.9,7682823.0,3090.0,3113.1,3077.3,3106.0,2210794.0,976.05,991.65,976.05,989.6,21386965.0
2025-11-17,1520.9,1523.7,1511.5,1518.3,5871416.0,3106.0,3123.5,3086.6,3102.2,2232853.0,991.25,997.95,985.6,996.55,18396408.0
2025-11-18,1521.7,1527.8,1510.5,1519.4,11045042.0,3102.0,3105.0,3078.0,3087.1,2548350.0,997.65,999.0,990.0,992.45,20002640.0
2025-11-19,1517.4,1522.3,1512.0,1518.9,5692366.0,3097.0,3155.0,3083.5,3147.7,3151053.0,990.0,996.55,984.0,994.6,19813847.0
2025-11-20,1530.0,1550.9,1526.7,1549.1,18171724.0,3148.0,3164.5,3138.1,3144.8,2700767.0,995.3,1011.6,992.45,1008.85,19850865.0
2025-11-21,1541.0,1557.8,1540.1,1546.6,9615271.0,3144.8,3170.0,3135.2,3150.6,4177037.0,1003.1,1008.3,996.55,998.05,17499897.0
2025-11-24,1550.0,1550.0,1531.8,1535.9,18433951.0,3158.0,3178.9,3131.0,3141.2,6703764.0,1000.0,1011.45,993.6,999.15,32204053.0
2025-11-25,1535.9,1559.6,1525.1,1539.7,15033482.0,3145.3,3149.8,3115.0,3119.2,2737920.0,1004.0,1006.1,988.4,989.8,24989383.0
2025-11-26,1542.3,1571.6,1540.5,1569.9,14054299.0,3118.8,3178.0,3117.0,3162.9,2508527.0,981.3,1006.95,981.3,1003.9,19494356.0
2025-11-27,1575.0,1575.5,1556.0,1563.4,9794643.0,3180.0,3180.0,3125.0,3136.6,2836233.0,1002.1,1016.8,1001.0,1009.5,25536848.0
2025-11-28,1568.0,1581.3,1563.0,1567.5,8959508.0,3140.0,3147.3,3125.0,3137.5,1616690.0,1007.0,1012.05,1004.2,1007.6,15988807.0
2025-12-01,1575.0,1577.5,1563.6,1566.1,8920233.0,3137.9,3154.0,3122.2,3133.4,1747647.0,1017.5,1017.5,999.3,1002.1,16746566.0
2025-12-02,1561.1,1567.5,1542.0,1546.3,11389150.0,3131.0,3144.0,3120.4,3135.7,2512003.0,988.0,994.4,985.0,989.8,27316662.0
2025-12-03,1545.2,1552.4,1533.0,1538.8,6090883.0,3140.0,3211.9,3139.0,3180.0,3952112.0,986.0,1002.3,986.0,1000.5,15448777.0
2025-12-04,1536.0,1560.5,1517.6,1535.6,11867930.0,3194.0,3250.0,3187.4,3229.2,5025905.0,1000.0,1004.7,993.0,997.2,14528169.0
2025-12-05,1530.4,1545.8,1520.6,1540.6,10183266.0,3230.0,3271.6,3222.4,3238.2,5244013.0,992.0,1008.0,990.2,1003.3,12843366.0
2025-12-08,1539.2,1551.0,1535.0,1543.0,11301491.0,3243.0,3259.9,3208.6,3236.5,2544725.0,1000.0,1006.5,997.5,1003.1,12901022.0
2025-12-09,1540.3,1542.5,1520.1,1529.4,11503971.0,3230.0,3233.7,3181.2,3208.3,2734893.0,994.9,1002.8,994.0,997.1,15294322.0
2025-12-10,1534.0,1547.5,1531.4,1536.9,7991629.0,3225.0,3225.0,3178.1,3189.2,1386849.0,997.5,998.5,985.3,989.8,15322830.0
2025-12-11,1536.9,1550.0,1524.0,1545.0,4706197.0,3205.0,3208.4,3153.1,3191.9,1914362.0,990.0,1002.7,988.5,1000.3,11844809.0
2025-12-12,1550.8,1559.8,1546.1,1556.5,5106655.0,3197.7,3223.0,3185.7,3220.5,1146554.0,1003.0,1004.7,998.2,1001.5,11988618.0
2025-12-15,1551.2,1558.6,1546.5,1556.2,5774543.0,3211.1,3238.2,3197.3,3230.2,1562190.0,992.0,1001.8,992.0,996.1,9790060.0
2025-12-16,1545.0,1551.7,1538.8,1542.3,11731856.0,3220.0,3220.0,3191.1,3205.1,1734623.0,990.1,998.7,990.1,994.3,20049088.0
2025-12-17,1550.0,1550.0,1539.3,1544.4,7116649.0,3200.5,3236.9,3200.5,3217.8,1376350.0,996.0,996.0,980.8,984.0,19080922.0
2025-12-18,1535.2,1551.5,1535.2,1544.4,6580829.0,3228.0,3287.8,3221.0,3280.8,2307422.0,973.3,987.4,973.3,979.7,14912404.0
2025-12-19,1554.4,1574.2,1551.0,1565.1,13937275.0,3299.0,3317.9,3278.8,3282.0,3902511.0,987.0,988.0,978.7,985.5,25952384.0
2025-12-22,1573.5,1577.5,1565.3,1575.4,10184852.0,3310.0,3328.6,3291.0,3324.9,2632816.0,988.0,992.9,983.9,987.7,13540411.0
2025-12-23,1580.9,1580.9,1568.1,1570.7,7506564.0,3319.9,3319.9,3293.5,3310.0,2365420.0,990.5,998.9,987.7,996.6,17927849.0
2025-12-24,1572.7,1575.7,1553.6,1558.2,8815745.0,3304.1,3327.1,3296.1,3319.0,1367708.0,993.0,999.4,993.0,997.2,13699996.0
2025-12-26,1554.7,1561.0,1554.3,1559.2,2311495.0,3313.1,3320.0,3271.8,3280.0,1176664.0,996.0,997.2,987.7,992.1,9360853.0
2025-12-29,1554.9,1558.1,1543.6,1545.6,5972105.0,3280.0,3288.0,3242.9,3251.5,2079473.0,993.1,997.4,987.2,991.7,13545749.0
2025-12-30,1547.0,1553.6,1537.8,1539.8,8815884.0,3250.0,3267.5,3239.5,3246.8,2807593.0,990.2,995.0,982.2,990.9,33155849.0
2025-12-31,1541.0,1577.0,1541.0,1570.4,5771830.0,3240.0,3246.0,3198.5,3206.2,3362634.0,991.0,997.6,987.6,991.2,10963454.0
2026-01-01,1573.7,1592.5,1571.1,1575.6,6408128.0,3215.0,3234.1,3198.2,3227.4,1255735.0,993.5,997.55,989.5,991.15,7132074.0
2026-01-02,1580.0,1594.6,1578.2,1592.3,6602230.0,3234.0,3254.3,3219.5,3250.7,1184324.0,991.15,1003.2,988.8,1001.6,11751459.0
2026-01-05,1593.0,1611.8,1575.3,1578.1,8704973.0,3240.5,3247.0,3191.0,3216.1,2341703.0,1005.75,1006.4,976.3,977.5,27647379.0
2026-01-06,1569.0,1569.0,1496.3,1507.6,27417125.0,3210.0,3263.2,3205.0,3255.8,2912325.0,962.7,966.7,956.0,962.2,31988783.0
2026-01-07,1510.0,1520.0,1498.0,1504.2,11199340.0,3242.9,3300.6,3223.2,3295.6,1989442.0,956.0,956.45,946.0,949.05,52884712.0
2026-01-08,1500.0,1503.9,1468.8,1470.6,16518684.0,3286.9,3286.9,3182.0,3203.9,4159336.0,944.7,953.0,941.4,946.7,21928849.0
2026-01-09,1465.0,1479.9,1465.0,1475.3,8335311.0,3191.0,3229.7,3191.0,3207.8,1938673.0,945.0,950.6,933.3,939.0,38183839.0
2026-01-12,1475.3,1485.3,1451.0,1483.2,8883745.0,3203.0,3252.0,3174.3,3239.6,2228342.0,937.5,942.0,929.6,936.95,21071666.0
2026-01-13,1485.0,1485.8,1444.7,1452.8,13499760.0,3245.0,3280.0,3210.5,3268.0,5645341.0,947.7,947.7,932.6,937.35,32042827.0
2026-01-14,1444.0,1467.0,1440.2,1458.8,8321764.0,3260.0,3260.0,3183.0,3192.5,3539511.0,930.0,940.05,920.2,925.45,36688248.0
2026-01-16,1458.8,1480.0,1455.1,1457.9,17167161.0,3219.4,3221.9,3171.0,3206.7,4293470.0,922.0,935.95,919.2,931.1,37780235.0
